day,time,open,high,low,close
4/11/19,09:30,84,84,84,84
4/11/19,09:32,83.9,84,83.77,83.93
4/11/19,09:33,84,84.03,83.92,83.96
4/11/19,09:34,84.0602,84.105,83.94,83.95
4/11/19,09:35,83.86,83.9,83.84,83.9
4/11/19,09:36,83.9,83.9,83.85,83.89
4/11/19,09:37,83.875,83.9,83.8,83.86
4/11/19,09:38,83.8752,83.91,83.8752,83.89
4/11/19,09:39,83.915,83.94,83.88,83.94
4/11/19,09:40,83.93,83.95,83.88,83.9166
4/11/19,09:41,83.94,83.94,83.915,83.915
4/11/19,09:42,83.92,83.95,83.88,83.95
4/11/19,09:43,83.95,83.95,83.91,83.91
4/11/19,09:44,83.88,83.9,83.86,83.87
4/11/19,09:45,83.95,83.98,83.93,83.95
4/11/19,09:46,83.95,83.95,83.9,83.95
4/11/19,09:47,83.96,83.965,83.9,83.9
4/11/19,09:48,83.84,83.88,83.84,83.87
4/11/19,09:49,83.87,83.895,83.87,83.895
4/11/19,09:50,83.89,83.95,83.89,83.95
4/11/19,09:51,83.94,83.95,83.92,83.94
4/11/19,09:52,83.95,83.95,83.93,83.95
4/11/19,09:53,83.95,83.95,83.92,83.92
4/11/19,09:54,83.95,83.95,83.92,83.935
4/11/19,09:55,84,84.07,83.99,84.07
4/11/19,09:56,84.02,84.035,84.01,84.025
4/11/19,09:57,84.025,84.06,84.025,84.06
4/11/19,09:58,84.06,84.06,83.99,84.02
4/11/19,09:59,84.02,84.065,84.02,84.065
4/11/19,10:00,84.065,84.09,84,84
4/11/19,10:01,84.04,84.17,84.04,84.14
4/11/19,10:02,84.11,84.14,84.08,84.1
4/11/19,10:03,84.099,84.12,84.09,84.12
4/11/19,10:04,84.15,84.21,84.15,84.18
4/11/19,10:05,84.21,84.23,84.19,84.23
4/11/19,10:06,84.26,84.35,84.26,84.35
4/11/19,10:07,84.325,84.325,84.25,84.25
4/11/19,10:08,84.25,84.29,84.21,84.27
4/11/19,10:09,84.25,84.25,84.22,84.22
4/11/19,10:10,84.23,84.25,84.22,84.22
4/11/19,10:11,84.21,84.22,84.21,84.22
4/11/19,10:12,84.22,84.22,84.16,84.16
4/11/19,10:13,84.165,84.165,84.14,84.14
4/11/19,10:14,84.14,84.14,84.1,84.1
4/11/19,10:15,84.07,84.07,84.02,84.04
4/11/19,10:16,84.03,84.035,84.005,84.025
4/11/19,10:17,84.025,84.025,83.98,84
4/11/19,10:18,83.985,84.03,83.985,84.02
4/11/19,10:19,84.05,84.1,84.05,84.1
4/11/19,10:20,84.145,84.18,84.14,84.15
4/11/19,10:21,84.15,84.17,84.13,84.17
4/11/19,10:22,84.19,84.21,84.16,84.185
4/11/19,10:23,84.17,84.18,84.15,84.15
4/11/19,10:24,84.15,84.15,84.12,84.12
4/11/19,10:25,84.135,84.21,84.135,84.195
4/11/19,10:26,84.18,84.1861,84.13,84.15
4/11/19,10:27,84.1301,84.16,84.13,84.16
4/11/19,10:28,84.14,84.14,84.12,84.12
4/11/19,10:29,84.11,84.1125,84.06,84.08
4/11/19,10:30,84.07,84.07,84.05,84.06
4/11/19,10:31,84.06,84.1,84.05,84.08
4/11/19,10:32,84.07,84.07,84.05,84.05
4/11/19,10:33,84.05,84.14,84.05,84.13
4/11/19,10:34,84.1,84.13,84.095,84.11
4/11/19,10:35,84.14,84.15,84.13,84.15
4/11/19,10:36,84.13,84.13,84.09,84.09
4/11/19,10:37,84.08,84.08,84.04,84.05
4/11/19,10:38,84.03,84.05,83.97,83.97
4/11/19,10:39,83.98,83.99,83.89,83.89
4/11/19,10:40,83.9,83.94,83.88,83.94
4/11/19,10:41,83.96,84,83.95,83.99
4/11/19,10:42,83.995,83.995,83.96,83.96
4/11/19,10:43,83.96,83.96,83.94,83.95
4/11/19,10:44,83.98,83.98,83.97,83.97
4/11/19,10:45,83.95,83.96,83.9,83.9
4/11/19,10:46,83.89,83.91,83.86,83.905
4/11/19,10:47,83.92,83.96,83.92,83.92
4/11/19,10:48,83.89,83.93,83.89,83.93
4/11/19,10:49,83.945,83.945,83.92,83.92
4/11/19,10:50,83.91,83.93,83.89,83.9
4/11/19,10:51,83.9,83.92,83.9,83.915
4/11/19,10:52,83.9,83.97,83.9,83.97
4/11/19,10:53,83.98,84,83.98,83.99
4/11/19,10:54,83.97,84.01,83.97,84
4/11/19,10:55,84.01,84.01,83.99,84.01
4/11/19,10:56,84.01,84.02,84.01,84.01
4/11/19,10:57,84.02,84.05,84.02,84.05
4/11/19,10:58,84.06,84.08,84.05,84.075
4/11/19,10:59,84.06,84.06,84.05,84.05
4/11/19,11:00,84.06,84.11,84.06,84.11
4/11/19,11:01,84.14,84.15,84.13,84.14
4/11/19,11:02,84.16,84.23,84.16,84.19
4/11/19,11:03,84.2,84.2,84.15,84.18
4/11/19,11:04,84.1671,84.2,84.1671,84.18
4/11/19,11:05,84.18,84.21,84.18,84.21
4/11/19,11:06,84.22,84.23,84.22,84.23
4/11/19,11:07,84.21,84.27,84.21,84.21
4/11/19,11:08,84.19,84.19,84.18,84.18
4/11/19,11:09,84.17,84.17,84.14,84.15
4/11/19,11:10,84.16,84.2,84.16,84.2
4/11/19,11:11,84.2,84.26,84.17,84.23
4/11/19,11:12,84.25,84.25,84.23,84.23
4/11/19,11:13,84.22,84.22,84.2071,84.2071
4/11/19,11:14,84.22,84.2341,84.2,84.2
4/11/19,11:15,84.22,84.26,84.22,84.26
4/11/19,11:16,84.28,84.29,84.2502,84.2502
4/11/19,11:17,84.25,84.27,84.25,84.27
4/11/19,11:18,84.25,84.285,84.25,84.285
4/11/19,11:19,84.26,84.28,84.26,84.28
4/11/19,11:20,84.29,84.32,84.29,84.32
4/11/19,11:21,84.32,84.35,84.31,84.33
4/11/19,11:22,84.3203,84.3203,84.3,84.31
4/11/19,11:23,84.3,84.3,84.28,84.28
4/11/19,11:24,84.27,84.27,84.23,84.23
4/11/19,11:25,84.24,84.24,84.23,84.23
4/11/19,11:26,84.25,84.25,84.25,84.25
4/11/19,11:27,84.26,84.3,84.26,84.3
4/11/19,11:28,84.305,84.32,84.3,84.32
4/11/19,11:29,84.33,84.355,84.3,84.3
4/11/19,11:30,84.31,84.33,84.31,84.33
4/11/19,11:31,84.31,84.31,84.31,84.31
4/11/19,11:32,84.29,84.31,84.29,84.31
4/11/19,11:33,84.3,84.31,84.3,84.31
4/11/19,11:34,84.32,84.34,84.32,84.34
4/11/19,11:35,84.35,84.37,84.33,84.37
4/11/19,11:36,84.34,84.37,84.34,84.36
4/11/19,11:37,84.34,84.34,84.31,84.32
4/11/19,11:38,84.3,84.32,84.3,84.32
4/11/19,11:39,84.32,84.34,84.32,84.34
4/11/19,11:40,84.33,84.33,84.23,84.24
4/11/19,11:41,84.19,84.25,84.19,84.25
4/11/19,11:42,84.25,84.25,84.25,84.25
4/11/19,11:43,84.22,84.22,84.21,84.21
4/11/19,11:44,84.16,84.2,84.16,84.2
4/11/19,11:45,84.2,84.23,84.19,84.215
4/11/19,11:46,84.23,84.26,84.2221,84.23
4/11/19,11:47,84.24,84.24,84.2191,84.22
4/11/19,11:48,84.23,84.2443,84.23,84.23
4/11/19,11:49,84.23,84.23,84.18,84.18
4/11/19,11:50,84.21,84.21,84.16,84.16
4/11/19,11:51,84.158,84.21,84.158,84.21
4/11/19,11:52,84.2,84.23,84.2,84.23
4/11/19,11:53,84.26,84.26,84.26,84.26
4/11/19,11:54,84.26,84.26,84.259,84.259
4/11/19,11:55,84.2598,84.29,84.24,84.25
4/11/19,11:56,84.24,84.26,84.24,84.26
4/11/19,11:57,84.24,84.24,84.24,84.24
4/11/19,11:58,84.225,84.225,84.19,84.19
4/11/19,12:00,84.15,84.15,84.15,84.15
4/11/19,12:01,84.16,84.185,84.16,84.185
4/11/19,12:02,84.17,84.17,84.1499,84.1499
4/11/19,12:03,84.14,84.17,84.14,84.17
4/11/19,12:05,84.18,84.22,84.18,84.22
4/11/19,12:07,84.23,84.23,84.19,84.19
4/11/19,12:08,84.2015,84.2015,84.19,84.19
4/11/19,12:09,84.19,84.19,84.16,84.18
4/11/19,12:10,84.18,84.18,84.13,84.13
4/11/19,12:11,84.14,84.14,84.14,84.14
4/11/19,12:12,84.14,84.14,84.14,84.14
4/11/19,12:13,84.145,84.145,84.135,84.135
4/11/19,12:14,84.14,84.14,84.13,84.13
4/11/19,12:15,84.14,84.14,84.13,84.14
4/11/19,12:16,84.14,84.18,84.14,84.18
4/11/19,12:17,84.17,84.18,84.17,84.18
4/11/19,12:18,84.18,84.21,84.18,84.21
4/11/19,12:19,84.21,84.21,84.21,84.21
4/11/19,12:20,84.21,84.21,84.21,84.21
4/11/19,12:21,84.21,84.21,84.2,84.2
4/11/19,12:22,84.19,84.19,84.18,84.18
4/11/19,12:23,84.2,84.2,84.2,84.2
4/11/19,12:24,84.17,84.18,84.17,84.18
4/11/19,12:25,84.1615,84.1615,84.1615,84.1615
4/11/19,12:26,84.17,84.2,84.1679,84.2
4/11/19,12:27,84.17,84.17,84.15,84.155
4/11/19,12:28,84.15,84.17,84.15,84.165
4/11/19,12:29,84.14,84.16,84.14,84.16
4/11/19,12:30,84.16,84.16,84.16,84.16
4/11/19,12:31,84.17,84.17,84.17,84.17
4/11/19,12:32,84.18,84.18,84.16,84.16
4/11/19,12:33,84.16,84.16,84.14,84.14
4/11/19,12:34,84.13,84.13,84.13,84.13
4/11/19,12:35,84.12,84.12,84.12,84.12
4/11/19,12:36,84.12,84.13,84.12,84.13
4/11/19,12:37,84.12,84.12,84.0889,84.12
4/11/19,12:38,84.14,84.1522,84.14,84.1522
4/11/19,12:39,84.15,84.15,84.13,84.13
4/11/19,12:40,84.14,84.14,84.14,84.14
4/11/19,12:41,84.1398,84.15,84.1398,84.15
4/11/19,12:42,84.14,84.14,84.12,84.12
4/11/19,12:43,84.15,84.15,84.15,84.15
4/11/19,12:44,84.18,84.18,84.18,84.18
4/11/19,12:45,84.18,84.18,84.15,84.15
4/11/19,12:46,84.1285,84.1285,84.12,84.125
4/11/19,12:47,84.12,84.12,84.1,84.11
4/11/19,12:48,84.12,84.12,84.12,84.12
4/11/19,12:49,84.1,84.12,84.1,84.12
4/11/19,12:50,84.1,84.11,84.1,84.11
4/11/19,12:51,84.1,84.1,84.07,84.08
4/11/19,12:52,84.07,84.09,84.07,84.09
4/11/19,12:53,84.08,84.09,84.07,84.08
4/11/19,12:54,84.05,84.0557,84.02,84.0557
4/11/19,12:55,84.05,84.05,84.03,84.04
4/11/19,12:56,84.03,84.06,84.03,84.06
4/11/19,12:57,84.08,84.09,84.07,84.07
4/11/19,12:58,84.08,84.08,84.08,84.08
4/11/19,13:00,84.075,84.075,84.075,84.075
4/11/19,13:01,84.0401,84.07,84.0401,84.07
4/11/19,13:02,84.075,84.1,84.075,84.1
4/11/19,13:03,84.08,84.08,84.08,84.08
4/11/19,13:04,84.1,84.1,84.1,84.1
4/11/19,13:05,84.1,84.1,84.1,84.1
4/11/19,13:06,84.09,84.09,84.09,84.09
4/11/19,13:07,84.07,84.1,84.07,84.1
4/11/19,13:08,84.08,84.08,84.08,84.08
4/11/19,13:09,84.1,84.1,84.05,84.05
4/11/19,13:10,84.0417,84.07,84.04,84.04
4/11/19,13:11,84.04,84.04,84.03,84.03
4/11/19,13:12,84.0348,84.06,84.0348,84.06
4/11/19,13:13,84.0567,84.08,84.0567,84.08
4/11/19,13:14,84.08,84.095,84.08,84.095
4/11/19,13:15,84.07,84.09,84.06,84.06
4/11/19,13:16,84.05,84.07,84.05,84.07
4/11/19,13:17,84.09,84.09,84.09,84.09
4/11/19,13:18,84.1,84.1,84.1,84.1
4/11/19,13:20,84.07,84.07,84.07,84.07
4/11/19,13:21,84.06,84.06,84.03,84.03
4/11/19,13:22,84.01,84.03,84.01,84.03
4/11/19,13:23,84.03,84.04,84.0115,84.04
4/11/19,13:24,84.04,84.04,84.04,84.04
4/11/19,13:25,84.06,84.07,84.05,84.07
4/11/19,13:26,84.09,84.09,84.08,84.08
4/11/19,13:27,84.07,84.08,84.07,84.08
4/11/19,13:28,84.09,84.09,84.09,84.09
4/11/19,13:29,84.11,84.11,84.09,84.09
4/11/19,13:31,84.08,84.08,84.07,84.07
4/11/19,13:32,84.06,84.08,84.06,84.08
4/11/19,13:33,84.1,84.11,84.1,84.11
4/11/19,13:35,84.09,84.09,84.09,84.09
4/11/19,13:36,84.11,84.12,84.11,84.12
4/11/19,13:37,84.12,84.12,84.1,84.1
4/11/19,13:38,84.1,84.11,84.1,84.11
4/11/19,13:39,84.11,84.11,84.11,84.11
4/11/19,13:40,84.09,84.09,84.07,84.07
4/11/19,13:41,84.06,84.08,84.06,84.06
4/11/19,13:42,84.06,84.07,84.0402,84.07
4/11/19,13:43,84.07,84.08,84.06,84.08
4/11/19,13:44,84.09,84.09,84.08,84.08
4/11/19,13:45,84.08,84.08,84.08,84.08
4/11/19,13:46,84.09,84.1,84.09,84.0989
4/11/19,13:47,84.11,84.12,84.11,84.12
4/11/19,13:48,84.13,84.13,84.13,84.13
4/11/19,13:49,84.13,84.13,84.13,84.13
4/11/19,13:50,84.12,84.12,84.11,84.11
4/11/19,13:51,84.11,84.11,84.11,84.11
4/11/19,13:52,84.09,84.09,84.09,84.09
4/11/19,13:53,84.11,84.12,84.11,84.12
4/11/19,13:54,84.13,84.14,84.13,84.14
4/11/19,13:55,84.139,84.139,84.13,84.13
4/11/19,13:56,84.12,84.135,84.12,84.135
4/11/19,13:57,84.15,84.15,84.15,84.15
4/11/19,13:59,84.16,84.16,84.1302,84.1302
4/11/19,14:00,84.12,84.12,84.11,84.11
4/11/19,14:01,84.1,84.11,84.09,84.1
4/11/19,14:02,84.1,84.1,84.1,84.1
4/11/19,14:03,84.12,84.1272,84.12,84.1272
4/11/19,14:04,84.123,84.13,84.12,84.12
4/11/19,14:05,84.14,84.14,84.12,84.12
4/11/19,14:06,84.13,84.13,84.1,84.1
4/11/19,14:07,84.1,84.1,84.1,84.1
4/11/19,14:08,84.08,84.09,84.06,84.06
4/11/19,14:09,84.05,84.05,84.05,84.05
4/11/19,14:10,84.07,84.09,84.07,84.07
4/11/19,14:11,84.07,84.12,84.07,84.12
4/11/19,14:12,84.1138,84.12,84.0994,84.0994
4/11/19,14:13,84.09,84.1,84.07,84.09
4/11/19,14:14,84.08,84.08,84.08,84.08
4/11/19,14:15,84.08,84.08,84.08,84.08
4/11/19,14:16,84.0776,84.09,84.0776,84.09
4/11/19,14:18,84.11,84.11,84.11,84.11
4/11/19,14:19,84.13,84.13,84.13,84.13
4/11/19,14:20,84.12,84.12,84.09,84.09
4/11/19,14:21,84.09,84.11,84.08,84.11
4/11/19,14:22,84.09,84.09,84.08,84.08
4/11/19,14:23,84.08,84.1,84.08,84.0942
4/11/19,14:24,84.1,84.1,84.09,84.1
4/11/19,14:25,84.1,84.11,84.08,84.08
4/11/19,14:26,84.09,84.1,84.09,84.1
4/11/19,14:27,84.0858,84.1,84.0858,84.1
4/11/19,14:28,84.0865,84.0865,84.07,84.07
4/11/19,14:29,84.05,84.07,84.05,84.07
4/11/19,14:30,84.05,84.05,84.01,84.03
4/11/19,14:31,84.03,84.06,84.03,84.05
4/11/19,14:33,84.07,84.08,84.07,84.08
4/11/19,14:34,84.07,84.07,84.05,84.05
4/11/19,14:35,84.05,84.05,84.05,84.05
4/11/19,14:36,84.05,84.07,84.05,84.07
4/11/19,14:37,84.08,84.1,84.06,84.1
4/11/19,14:38,84.1,84.1,84.1,84.1
4/11/19,14:39,84.09,84.11,84.09,84.09
4/11/19,14:40,84.09,84.11,84.09,84.11
4/11/19,14:41,84.115,84.14,84.115,84.14
4/11/19,14:42,84.14,84.15,84.14,84.14
4/11/19,14:43,84.13,84.1301,84.13,84.1301
4/11/19,14:44,84.14,84.16,84.14,84.15
4/11/19,14:45,84.16,84.18,84.15,84.18
4/11/19,14:46,84.18,84.19,84.17,84.17
4/11/19,14:47,84.16,84.18,84.15,84.17
4/11/19,14:48,84.18,84.19,84.18,84.19
4/11/19,14:49,84.19,84.19,84.18,84.185
4/11/19,14:50,84.17,84.19,84.16,84.19
4/11/19,14:51,84.19,84.19,84.17,84.17
4/11/19,14:52,84.1999,84.21,84.19,84.19
4/11/19,14:53,84.19,84.21,84.18,84.18
4/11/19,14:54,84.19,84.2,84.17,84.17
4/11/19,14:55,84.17,84.17,84.16,84.17
4/11/19,14:56,84.16,84.17,84.16,84.16
4/11/19,14:57,84.17,84.17,84.14,84.14
4/11/19,14:58,84.16,84.17,84.16,84.16
4/11/19,14:59,84.16,84.16,84.15,84.155
4/11/19,15:00,84.14,84.17,84.14,84.17
4/11/19,15:01,84.16,84.18,84.16,84.18
4/11/19,15:02,84.19,84.2008,84.17,84.2
4/11/19,15:03,84.19,84.19,84.16,84.17
4/11/19,15:04,84.18,84.2,84.18,84.18
4/11/19,15:05,84.18,84.21,84.18,84.2
4/11/19,15:06,84.18,84.1801,84.18,84.1801
4/11/19,15:07,84.195,84.2,84.19,84.2
4/11/19,15:08,84.19,84.24,84.19,84.19
4/11/19,15:09,84.19,84.19,84.18,84.18
4/11/19,15:10,84.19,84.19,84.17,84.19
4/11/19,15:11,84.19,84.19,84.15,84.15
4/11/19,15:12,84.17,84.1821,84.16,84.17
4/11/19,15:13,84.17,84.17,84.15,84.15
4/11/19,15:14,84.14,84.14,84.13,84.13
4/11/19,15:15,84.13,84.13,84.13,84.13
4/11/19,15:16,84.14,84.15,84.1,84.1
4/11/19,15:17,84.115,84.12,84.1,84.11
4/11/19,15:18,84.12,84.14,84.12,84.14
4/11/19,15:19,84.14,84.165,84.14,84.165
4/11/19,15:20,84.16,84.17,84.15,84.17
4/11/19,15:21,84.16,84.175,84.16,84.175
4/11/19,15:22,84.18,84.2,84.1643,84.17
4/11/19,15:23,84.17,84.18,84.17,84.17
4/11/19,15:24,84.175,84.185,84.17,84.18
4/11/19,15:25,84.2,84.206,84.19,84.206
4/11/19,15:26,84.2,84.2,84.19,84.19
4/11/19,15:27,84.19,84.205,84.19,84.1991
4/11/19,15:28,84.2,84.21,84.19,84.205
4/11/19,15:29,84.21,84.24,84.2,84.23
4/11/19,15:30,84.24,84.27,84.23,84.27
4/11/19,15:31,84.28,84.39,84.28,84.37
4/11/19,15:32,84.37,84.37,84.34,84.37
4/11/19,15:33,84.38,84.4,84.37,84.4
4/11/19,15:34,84.4,84.4,84.37,84.39
4/11/19,15:35,84.39,84.46,84.39,84.45
4/11/19,15:36,84.46,84.46,84.43,84.45
4/11/19,15:37,84.45,84.48,84.45,84.47
4/11/19,15:38,84.47,84.53,84.47,84.53
4/11/19,15:39,84.54,84.54,84.48,84.48
4/11/19,15:40,84.46,84.465,84.44,84.445
4/11/19,15:41,84.45,84.46,84.39,84.41
4/11/19,15:42,84.4,84.4,84.37,84.39
4/11/19,15:43,84.39,84.395,84.39,84.39
4/11/19,15:44,84.39,84.42,84.39,84.4
4/11/19,15:45,84.405,84.51,84.405,84.51
4/11/19,15:46,84.5,84.55,84.495,84.54
4/11/19,15:47,84.54,84.58,84.54,84.57
4/11/19,15:48,84.56,84.575,84.55,84.555
4/11/19,15:49,84.55,84.555,84.48,84.49
4/11/19,15:50,84.49,84.52,84.49,84.505
4/11/19,15:51,84.51,84.53,84.49,84.5
4/11/19,15:52,84.51,84.51,84.475,84.475
4/11/19,15:53,84.48,84.545,84.48,84.545
4/11/19,15:54,84.54,84.54,84.48,84.48
4/11/19,15:55,84.47,84.505,84.47,84.5
4/11/19,15:56,84.51,84.52,84.47,84.49
4/11/19,15:57,84.49,84.5,84.47,84.48
4/11/19,15:58,84.5,84.51,84.47,84.51
4/11/19,15:59,84.51,84.51,84.45,84.47
4/12/19,09:30,84.24,84.248,84.04,84.04
4/12/19,09:31,84.1958,84.1958,83.96,83.96
4/12/19,09:32,83.93,83.93,83.8,83.8
4/12/19,09:33,83.86,83.97,83.83,83.97
4/12/19,09:34,83.91,83.91,83.815,83.855
4/12/19,09:35,83.89,83.89,83.71,83.8
4/12/19,09:36,83.73,83.79,83.61,83.76
4/12/19,09:37,83.73,83.96,83.72,83.96
4/12/19,09:38,83.96,84,83.93,83.995
4/12/19,09:39,84,84.06,84,84.06
4/12/19,09:40,84.02,84.02,83.97,83.97
4/12/19,09:41,83.98,84.03,83.95,83.99
4/12/19,09:42,84.08,84.11,84.03,84.09
4/12/19,09:43,84.08,84.08,84.03,84.03
4/12/19,09:44,84.12,84.23,84.12,84.19
4/12/19,09:45,84.18,84.21,84.14,84.21
4/12/19,09:46,84.21,84.21,84.17,84.17
4/12/19,09:47,84.23,84.23,84.2,84.2
4/12/19,09:48,84.15,84.15,84.14,84.14
4/12/19,09:49,84.18,84.22,84.18,84.22
4/12/19,09:50,84.23,84.25,84.21,84.25
4/12/19,09:51,84.26,84.29,84.225,84.225
4/12/19,09:52,84.23,84.24,84.17,84.19
4/12/19,09:53,84.185,84.1927,84.14,84.15
4/12/19,09:54,84.17,84.18,84.17,84.175
4/12/19,09:55,84.16,84.16,84.12,84.12
4/12/19,09:56,84.11,84.11,84.07,84.07
4/12/19,09:57,84.01,84.03,84,84.03
4/12/19,09:58,84.03,84.07,84.03,84.04
4/12/19,09:59,84.01,84.1,84,84.1
4/12/19,10:00,84.12,84.12,84.08,84.118
4/12/19,10:01,84.12,84.1561,84.12,84.1561
4/12/19,10:02,84.13,84.14,84.1,84.14
4/12/19,10:03,84.15,84.15,84.15,84.15
4/12/19,10:04,84.14,84.14,84.1,84.14
4/12/19,10:05,84.16,84.16,84.1,84.1
4/12/19,10:06,84.04,84.15,84.04,84.12
4/12/19,10:07,84.17,84.21,84.16,84.2
4/12/19,10:08,84.2,84.2,84.14,84.16
4/12/19,10:09,84.17,84.175,84.16,84.1702
4/12/19,10:10,84.17,84.19,84.15,84.15
4/12/19,10:11,84.14,84.14,84.11,84.12
4/12/19,10:12,84.13,84.15,84.12,84.15
4/12/19,10:13,84.16,84.17,84.14,84.14
4/12/19,10:14,84.12,84.16,84.12,84.16
4/12/19,10:15,84.16,84.21,84.16,84.2
4/12/19,10:16,84.16,84.18,84.16,84.17
4/12/19,10:17,84.18,84.22,84.18,84.22
4/12/19,10:18,84.22,84.26,84.22,84.235
4/12/19,10:19,84.24,84.26,84.2341,84.26
4/12/19,10:20,84.23,84.23,84.2,84.21
4/12/19,10:21,84.22,84.27,84.22,84.27
4/12/19,10:22,84.33,84.33,84.3,84.3
4/12/19,10:23,84.26,84.28,84.26,84.28
4/12/19,10:24,84.27,84.27,84.25,84.26
4/12/19,10:25,84.27,84.27,84.24,84.27
4/12/19,10:26,84.28,84.3,84.27,84.29
4/12/19,10:27,84.28,84.3099,84.28,84.3099
4/12/19,10:28,84.37,84.37,84.275,84.28
4/12/19,10:29,84.28,84.29,84.25,84.28
4/12/19,10:30,84.25,84.3,84.24,84.3
4/12/19,10:31,84.27,84.27,84.25,84.27
4/12/19,10:32,84.28,84.29,84.27,84.29
4/12/19,10:33,84.27,84.29,84.27,84.27
4/12/19,10:34,84.27,84.29,84.25,84.29
4/12/19,10:35,84.29,84.35,84.29,84.34
4/12/19,10:36,84.32,84.35,84.32,84.34
4/12/19,10:37,84.34,84.34,84.29,84.29
4/12/19,10:38,84.28,84.32,84.28,84.32
4/12/19,10:39,84.31,84.31,84.28,84.29
4/12/19,10:40,84.29,84.3,84.28,84.28
4/12/19,10:41,84.3,84.31,84.29,84.31
4/12/19,10:43,84.31,84.325,84.29,84.32
4/12/19,10:44,84.33,84.33,84.31,84.31
4/12/19,10:45,84.3275,84.36,84.32,84.36
4/12/19,10:46,84.36,84.4,84.36,84.4
4/12/19,10:47,84.4,84.43,84.4,84.43
4/12/19,10:48,84.421,84.45,84.421,84.44
4/12/19,10:49,84.39,84.39,84.38,84.38
4/12/19,10:50,84.37,84.37,84.37,84.37
4/12/19,10:51,84.33,84.3342,84.31,84.31
4/12/19,10:52,84.33,84.33,84.3,84.31
4/12/19,10:53,84.3,84.3,84.29,84.29
4/12/19,10:54,84.31,84.32,84.31,84.32
4/12/19,10:55,84.32,84.32,84.27,84.27
4/12/19,10:56,84.26,84.26,84.23,84.23
4/12/19,10:57,84.24,84.24,84.21,84.23
4/12/19,10:58,84.22,84.24,84.21,84.239
4/12/19,10:59,84.25,84.28,84.25,84.28
4/12/19,11:00,84.28,84.3104,84.27,84.31
4/12/19,11:01,84.32,84.34,84.32,84.33
4/12/19,11:02,84.32,84.34,84.31,84.34
4/12/19,11:03,84.35,84.35,84.35,84.35
4/12/19,11:04,84.33,84.335,84.32,84.325
4/12/19,11:05,84.3273,84.355,84.3273,84.355
4/12/19,11:06,84.38,84.38,84.35,84.35
4/12/19,11:07,84.35,84.38,84.34,84.34
4/12/19,11:08,84.34,84.34,84.29,84.295
4/12/19,11:09,84.28,84.32,84.28,84.32
4/12/19,11:10,84.27,84.27,84.26,84.27
4/12/19,11:11,84.27,84.305,84.26,84.3
4/12/19,11:12,84.31,84.31,84.29,84.3
4/12/19,11:13,84.33,84.33,84.33,84.33
4/12/19,11:14,84.33,84.33,84.31,84.33
4/12/19,11:15,84.35,84.38,84.3438,84.37
4/12/19,11:16,84.38,84.39,84.36,84.38
4/12/19,11:17,84.36,84.41,84.36,84.41
4/12/19,11:18,84.43,84.45,84.43,84.43
4/12/19,11:19,84.45,84.45,84.42,84.43
4/12/19,11:20,84.4,84.4,84.39,84.39
4/12/19,11:21,84.39,84.39,84.38,84.38
4/12/19,11:22,84.38,84.39,84.38,84.39
4/12/19,11:23,84.4,84.4,84.4,84.4
4/12/19,11:24,84.4,84.4,84.4,84.4
4/12/19,11:25,84.41,84.41,84.39,84.39
4/12/19,11:26,84.39,84.4,84.39,84.4
4/12/19,11:27,84.39,84.41,84.39,84.4006
4/12/19,11:28,84.39,84.3909,84.38,84.3909
4/12/19,11:29,84.4,84.43,84.4,84.43
4/12/19,11:30,84.415,84.43,84.415,84.42
4/12/19,11:31,84.42,84.42,84.41,84.41
4/12/19,11:32,84.425,84.425,84.425,84.425
4/12/19,11:33,84.42,84.42,84.42,84.42
4/12/19,11:34,84.43,84.44,84.43,84.43
4/12/19,11:35,84.439,84.44,84.415,84.44
4/12/19,11:36,84.44,84.44,84.4288,84.44
4/12/19,11:37,84.45,84.49,84.45,84.48
4/12/19,11:38,84.47,84.47,84.45,84.45
4/12/19,11:40,84.44,84.45,84.44,84.45
4/12/19,11:41,84.43,84.43,84.42,84.42
4/12/19,11:42,84.41,84.41,84.4,84.4
4/12/19,11:43,84.41,84.41,84.38,84.4
4/12/19,11:44,84.39,84.39,84.38,84.39
4/12/19,11:45,84.38,84.38,84.37,84.38
4/12/19,11:46,84.385,84.385,84.385,84.385
4/12/19,11:47,84.38,84.39,84.38,84.39
4/12/19,11:48,84.38,84.38,84.37,84.37
4/12/19,11:49,84.3722,84.3722,84.34,84.36
4/12/19,11:50,84.37,84.38,84.36,84.37
4/12/19,11:51,84.35,84.35,84.33,84.33
4/12/19,11:52,84.32,84.32,84.31,84.31
4/12/19,11:53,84.3,84.35,84.3,84.34
4/12/19,11:54,84.35,84.35,84.34,84.34
4/12/19,11:55,84.35,84.35,84.34,84.34
4/12/19,11:56,84.33,84.33,84.33,84.33
4/12/19,11:57,84.32,84.32,84.29,84.29
4/12/19,11:58,84.28,84.29,84.28,84.29
4/12/19,11:59,84.29,84.29,84.27,84.29
4/12/19,12:00,84.3,84.3,84.29,84.29
4/12/19,12:01,84.31,84.32,84.31,84.32
4/12/19,12:02,84.3174,84.3174,84.27,84.27
4/12/19,12:03,84.27,84.27,84.24,84.24
4/12/19,12:04,84.25,84.26,84.23,84.24
4/12/19,12:05,84.2399,84.25,84.238,84.25
4/12/19,12:06,84.26,84.27,84.26,84.27
4/12/19,12:07,84.28,84.31,84.275,84.31
4/12/19,12:08,84.3,84.31,84.3,84.31
4/12/19,12:09,84.32,84.37,84.32,84.36
4/12/19,12:10,84.37,84.39,84.37,84.385
4/12/19,12:11,84.38,84.38,84.38,84.38
4/12/19,12:12,84.39,84.39,84.38,84.38
4/12/19,12:13,84.38,84.4,84.374,84.4
4/12/19,12:14,84.395,84.41,84.39,84.405
4/12/19,12:15,84.41,84.44,84.41,84.44
4/12/19,12:16,84.43,84.44,84.43,84.44
4/12/19,12:17,84.45,84.4611,84.45,84.4611
4/12/19,12:18,84.45,84.45,84.43,84.435
4/12/19,12:19,84.42,84.42,84.42,84.42
4/12/19,12:20,84.4,84.41,84.4,84.4
4/12/19,12:21,84.38,84.42,84.38,84.4
4/12/19,12:22,84.4014,84.4014,84.39,84.395
4/12/19,12:23,84.39,84.39,84.39,84.39
4/12/19,12:24,84.38,84.38,84.37,84.37
4/12/19,12:25,84.37,84.37,84.34,84.34
4/12/19,12:26,84.35,84.35,84.35,84.35
4/12/19,12:27,84.34,84.34,84.335,84.335
4/12/19,12:28,84.34,84.34,84.34,84.34
4/12/19,12:29,84.32,84.32,84.32,84.32
4/12/19,12:30,84.32,84.34,84.32,84.34
4/12/19,12:31,84.34,84.35,84.34,84.35
4/12/19,12:32,84.35,84.35,84.32,84.33
4/12/19,12:33,84.3101,84.32,84.31,84.32
4/12/19,12:34,84.32,84.32,84.31,84.31
4/12/19,12:35,84.31,84.32,84.31,84.32
4/12/19,12:37,84.34,84.35,84.34,84.35
4/12/19,12:38,84.37,84.37,84.37,84.37
4/12/19,12:39,84.37,84.37,84.35,84.35
4/12/19,12:40,84.32,84.32,84.3,84.3
4/12/19,12:41,84.3,84.3,84.26,84.26
4/12/19,12:42,84.28,84.29,84.26,84.28
4/12/19,12:43,84.27,84.27,84.25,84.26
4/12/19,12:44,84.26,84.31,84.26,84.3
4/12/19,12:45,84.31,84.31,84.3,84.3
4/12/19,12:46,84.3,84.3,84.299,84.3
4/12/19,12:48,84.28,84.3,84.27,84.295
4/12/19,12:49,84.3,84.31,84.3,84.3
4/12/19,12:50,84.29,84.29,84.29,84.29
4/12/19,12:52,84.285,84.29,84.27,84.29
4/12/19,12:53,84.27,84.27,84.27,84.27
4/12/19,12:54,84.29,84.29,84.28,84.28
4/12/19,12:55,84.29,84.315,84.29,84.3
4/12/19,12:56,84.2947,84.2947,84.29,84.29
4/12/19,12:57,84.28,84.29,84.27,84.29
4/12/19,12:58,84.28,84.28,84.28,84.28
4/12/19,12:59,84.29,84.3,84.29,84.3
4/12/19,13:00,84.29,84.3,84.2898,84.3
4/12/19,13:01,84.31,84.33,84.3,84.3
4/12/19,13:02,84.3,84.3,84.292,84.3
4/12/19,13:03,84.3,84.3,84.27,84.27
4/12/19,13:04,84.25,84.27,84.23,84.27
4/12/19,13:05,84.27,84.275,84.27,84.27
4/12/19,13:06,84.25,84.25,84.22,84.22
4/12/19,13:08,84.21,84.23,84.21,84.23
4/12/19,13:09,84.24,84.24,84.24,84.24
4/12/19,13:10,84.26,84.26,84.24,84.24
4/12/19,13:11,84.25,84.25,84.23,84.25
4/12/19,13:12,84.232,84.232,84.232,84.232
4/12/19,13:13,84.25,84.26,84.24,84.25
4/12/19,13:14,84.255,84.27,84.255,84.27
4/12/19,13:15,84.29,84.29,84.285,84.285
4/12/19,13:17,84.3,84.3,84.3,84.3
4/12/19,13:18,84.3,84.3,84.28,84.28
4/12/19,13:19,84.28,84.28,84.27,84.28
4/12/19,13:20,84.2697,84.27,84.265,84.27
4/12/19,13:21,84.25,84.28,84.25,84.28
4/12/19,13:22,84.26,84.26,84.26,84.26
4/12/19,13:23,84.26,84.26,84.26,84.26
4/12/19,13:24,84.24,84.25,84.24,84.25
4/12/19,13:26,84.2499,84.2499,84.24,84.24
4/12/19,13:27,84.19,84.2,84.19,84.19
4/12/19,13:28,84.21,84.215,84.21,84.21
4/12/19,13:29,84.22,84.22,84.22,84.22
4/12/19,13:30,84.25,84.25,84.25,84.25
4/12/19,13:31,84.26,84.26,84.26,84.26
4/12/19,13:32,84.26,84.26,84.26,84.26
4/12/19,13:33,84.27,84.28,84.27,84.27
4/12/19,13:34,84.26,84.26,84.2475,84.2475
4/12/19,13:35,84.25,84.25,84.25,84.25
4/12/19,13:37,84.25,84.25,84.25,84.25
4/12/19,13:38,84.255,84.255,84.22,84.24
4/12/19,13:39,84.225,84.26,84.225,84.26
4/12/19,13:40,84.25,84.25,84.24,84.24
4/12/19,13:41,84.245,84.245,84.24,84.24
4/12/19,13:42,84.2546,84.27,84.2493,84.2493
4/12/19,13:43,84.26,84.28,84.26,84.28
4/12/19,13:44,84.27,84.27,84.24,84.2662
4/12/19,13:45,84.26,84.27,84.25,84.25
4/12/19,13:46,84.27,84.27,84.27,84.27
4/12/19,13:47,84.26,84.28,84.26,84.27
4/12/19,13:48,84.26,84.265,84.24,84.245
4/12/19,13:49,84.25,84.25,84.23,84.24
4/12/19,13:50,84.22,84.22,84.2,84.2
4/12/19,13:51,84.21,84.22,84.2,84.2
4/12/19,13:52,84.2,84.2,84.195,84.2
4/12/19,13:53,84.195,84.2,84.19,84.2
4/12/19,13:54,84.19,84.1932,84.17,84.19
4/12/19,13:55,84.19,84.21,84.18,84.2
4/12/19,13:56,84.17,84.17,84.17,84.17
4/12/19,13:57,84.18,84.18,84.16,84.17
4/12/19,13:58,84.17,84.18,84.16,84.18
4/12/19,13:59,84.17,84.17,84.165,84.17
4/12/19,14:00,84.18,84.25,84.1775,84.25
4/12/19,14:01,84.27,84.27,84.22,84.22
4/12/19,14:02,84.24,84.24,84.22,84.22
4/12/19,14:03,84.24,84.24,84.24,84.24
4/12/19,14:04,84.23,84.23,84.225,84.23
4/12/19,14:05,84.24,84.24,84.23,84.23
4/12/19,14:06,84.23,84.23,84.22,84.23
4/12/19,14:07,84.23,84.24,84.23,84.24
4/12/19,14:08,84.235,84.24,84.23,84.23
4/12/19,14:09,84.23,84.23,84.19,84.2
4/12/19,14:10,84.1991,84.215,84.1991,84.215
4/12/19,14:11,84.21,84.22,84.2,84.21
4/12/19,14:12,84.21,84.24,84.21,84.24
4/12/19,14:13,84.235,84.24,84.23,84.24
4/12/19,14:14,84.235,84.25,84.22,84.225
4/12/19,14:15,84.23,84.25,84.22,84.25
4/12/19,14:16,84.25,84.25,84.245,84.25
4/12/19,14:17,84.25,84.25,84.25,84.25
4/12/19,14:18,84.26,84.3,84.25,84.3
4/12/19,14:19,84.305,84.305,84.28,84.28
4/12/19,14:20,84.28,84.3,84.28,84.3
4/12/19,14:21,84.29,84.3,84.2827,84.2827
4/12/19,14:22,84.28,84.3,84.28,84.3
4/12/19,14:23,84.29,84.3,84.29,84.3
4/12/19,14:24,84.3,84.33,84.3,84.33
4/12/19,14:25,84.32,84.32,84.32,84.32
4/12/19,14:26,84.32,84.32,84.315,84.32
4/12/19,14:27,84.31,84.31,84.29,84.29
4/12/19,14:28,84.28,84.28,84.26,84.26
4/12/19,14:29,84.25,84.26,84.25,84.255
4/12/19,14:30,84.2572,84.295,84.2572,84.295
4/12/19,14:31,84.29,84.31,84.29,84.31
4/12/19,14:32,84.31,84.33,84.31,84.32
4/12/19,14:33,84.33,84.36,84.33,84.36
4/12/19,14:34,84.35,84.375,84.35,84.375
4/12/19,14:35,84.38,84.46,84.38,84.46
4/12/19,14:36,84.45,84.47,84.43,84.44
4/12/19,14:37,84.44,84.45,84.43,84.44
4/12/19,14:38,84.45,84.47,84.45,84.4688
4/12/19,14:39,84.48,84.5,84.475,84.5
4/12/19,14:40,84.51,84.55,84.51,84.55
4/12/19,14:41,84.55,84.55,84.54,84.54
4/12/19,14:42,84.54,84.56,84.52,84.525
4/12/19,14:43,84.54,84.54,84.51,84.51
4/12/19,14:44,84.49,84.5,84.49,84.49
4/12/19,14:45,84.49,84.49,84.46,84.47
4/12/19,14:46,84.45,84.46,84.43,84.46
4/12/19,14:47,84.44,84.44,84.39,84.39
4/12/19,14:48,84.39,84.42,84.39,84.42
4/12/19,14:49,84.41,84.42,84.39,84.42
4/12/19,14:50,84.42,84.45,84.42,84.45
4/12/19,14:51,84.45,84.48,84.45,84.48
4/12/19,14:52,84.49,84.5,84.47,84.5
4/12/19,14:53,84.5,84.53,84.48,84.53
4/12/19,14:54,84.52,84.55,84.52,84.55
4/12/19,14:55,84.54,84.54,84.49,84.49
4/12/19,14:56,84.47,84.47,84.46,84.47
4/12/19,14:57,84.43,84.45,84.37,84.4
4/12/19,14:58,84.4,84.43,84.4,84.43
4/12/19,14:59,84.4367,84.4367,84.42,84.42
4/12/19,15:00,84.435,84.435,84.41,84.43
4/12/19,15:01,84.41,84.42,84.405,84.41
4/12/19,15:02,84.41,84.42,84.41,84.42
4/12/19,15:03,84.44,84.44,84.4,84.4
4/12/19,15:04,84.39,84.39,84.37,84.37
4/12/19,15:05,84.36,84.4,84.36,84.4
4/12/19,15:06,84.41,84.41,84.38,84.4
4/12/19,15:07,84.4,84.41,84.395,84.395
4/12/19,15:08,84.4,84.4,84.3851,84.4
4/12/19,15:09,84.41,84.42,84.41,84.41
4/12/19,15:10,84.41,84.41,84.41,84.41
4/12/19,15:11,84.42,84.42,84.38,84.38
4/12/19,15:12,84.37,84.38,84.37,84.375
4/12/19,15:13,84.38,84.41,84.38,84.41
4/12/19,15:14,84.402,84.43,84.402,84.43
4/12/19,15:15,84.41,84.42,84.41,84.41
4/12/19,15:16,84.42,84.42,84.4,84.41
4/12/19,15:17,84.42,84.44,84.42,84.44
4/12/19,15:18,84.45,84.46,84.45,84.45
4/12/19,15:19,84.45,84.47,84.45,84.465
4/12/19,15:20,84.46,84.49,84.46,84.49
4/12/19,15:21,84.48,84.5,84.48,84.5
4/12/19,15:22,84.51,84.53,84.495,84.525
4/12/19,15:23,84.53,84.54,84.53,84.535
4/12/19,15:24,84.54,84.56,84.54,84.56
4/12/19,15:25,84.55,84.56,84.53,84.53
4/12/19,15:26,84.52,84.525,84.5001,84.525
4/12/19,15:27,84.52,84.52,84.47,84.48
4/12/19,15:28,84.475,84.5,84.475,84.5
4/12/19,15:29,84.51,84.53,84.51,84.53
4/12/19,15:30,84.52,84.52,84.49,84.51
4/12/19,15:31,84.515,84.55,84.505,84.54
4/12/19,15:32,84.53,84.55,84.53,84.55
4/12/19,15:33,84.56,84.6,84.56,84.56
4/12/19,15:34,84.57,84.59,84.57,84.59
4/12/19,15:35,84.585,84.61,84.585,84.6
4/12/19,15:36,84.59,84.6,84.58,84.58
4/12/19,15:37,84.58,84.6,84.58,84.59
4/12/19,15:38,84.6,84.66,84.6,84.66
4/12/19,15:39,84.65,84.65,84.605,84.61
4/12/19,15:40,84.61,84.62,84.57,84.58
4/12/19,15:41,84.58,84.585,84.57,84.57
4/12/19,15:42,84.56,84.58,84.56,84.565
4/12/19,15:43,84.565,84.57,84.55,84.56
4/12/19,15:44,84.57,84.58,84.56,84.56
4/12/19,15:45,84.555,84.555,84.53,84.54
4/12/19,15:46,84.545,84.565,84.53,84.54
4/12/19,15:47,84.55,84.58,84.55,84.555
4/12/19,15:48,84.57,84.58,84.57,84.58
4/12/19,15:49,84.57,84.6,84.555,84.6
4/12/19,15:50,84.58,84.595,84.58,84.58
4/12/19,15:51,84.58,84.59,84.56,84.56
4/12/19,15:52,84.56,84.56,84.52,84.52
4/12/19,15:53,84.52,84.57,84.515,84.57
4/12/19,15:54,84.58,84.58,84.535,84.545
4/12/19,15:55,84.54,84.58,84.52,84.575
4/12/19,15:56,84.57,84.58,84.53,84.58
4/12/19,15:57,84.57,84.59,84.55,84.57
4/12/19,15:58,84.57,84.58,84.55,84.565
4/12/19,15:59,84.56,84.58,84.51,84.56
4/13/19,09:30,84.66,84.66,84.4,84.595
4/13/19,09:31,84.585,84.585,84.345,84.345
4/13/19,09:32,84.26,84.31,84.26,84.28
4/13/19,09:33,84.28,84.475,84.28,84.44
4/13/19,09:34,84.56,84.57,84.56,84.57
4/13/19,09:35,84.56,84.7,84.56,84.69
4/13/19,09:36,84.64,84.74,84.64,84.73
4/13/19,09:37,84.68,84.7,84.68,84.7
4/13/19,09:38,84.78,84.78,84.74,84.74
4/13/19,09:39,84.75,84.75,84.7101,84.7101
4/13/19,09:40,84.71,84.745,84.71,84.745
4/13/19,09:41,84.77,84.84,84.77,84.77
4/13/19,09:42,84.81,84.81,84.76,84.76
4/13/19,09:43,84.72,84.72,84.65,84.65
4/13/19,09:44,84.63,84.67,84.63,84.65
4/13/19,09:45,84.66,84.66,84.58,84.58
4/13/19,09:46,84.5886,84.64,84.5886,84.61
4/13/19,09:47,84.64,84.64,84.56,84.58
4/13/19,09:48,84.59,84.59,84.5,84.5275
4/13/19,09:49,84.55,84.56,84.52,84.54
4/13/19,09:50,84.57,84.65,84.57,84.65
4/13/19,09:51,84.645,84.69,84.62,84.65
4/13/19,09:52,84.66,84.7,84.66,84.7
4/13/19,09:53,84.68,84.71,84.68,84.69
4/13/19,09:54,84.66,84.675,84.61,84.63
4/13/19,09:55,84.63,84.64,84.61,84.61
4/13/19,09:56,84.61,84.62,84.51,84.54
4/13/19,09:57,84.55,84.55,84.5,84.54
4/13/19,09:58,84.54,84.58,84.51,84.535
4/13/19,09:59,84.56,84.575,84.56,84.575
4/13/19,10:00,84.6,84.6,84.53,84.57
4/13/19,10:01,84.54,84.54,84.48,84.48
4/13/19,10:02,84.47,84.47,84.395,84.395
4/13/19,10:03,84.39,84.445,84.39,84.44
4/13/19,10:04,84.42,84.44,84.37,84.395
4/13/19,10:05,84.425,84.46,84.4,84.445
4/13/19,10:06,84.4505,84.455,84.42,84.455
4/13/19,10:07,84.44,84.47,84.43,84.47
4/13/19,10:08,84.44,84.46,84.43,84.43
4/13/19,10:09,84.44,84.46,84.44,84.46
4/13/19,10:10,84.455,84.455,84.425,84.425
4/13/19,10:11,84.404,84.404,84.38,84.38
4/13/19,10:12,84.37,84.4,84.37,84.4
4/13/19,10:13,84.39,84.39,84.36,84.36
4/13/19,10:14,84.3786,84.4,84.3775,84.4
4/13/19,10:15,84.39,84.42,84.39,84.412
4/13/19,10:16,84.4,84.43,84.4,84.43
4/13/19,10:17,84.42,84.44,84.3901,84.44
4/13/19,10:18,84.44,84.49,84.44,84.46
4/13/19,10:19,84.46,84.49,84.45,84.47
4/13/19,10:20,84.5,84.5422,84.5,84.54
4/13/19,10:21,84.58,84.58,84.53,84.53
4/13/19,10:22,84.53,84.56,84.53,84.55
4/13/19,10:23,84.54,84.55,84.51,84.55
4/13/19,10:24,84.56,84.56,84.52,84.52
4/13/19,10:25,84.53,84.54,84.52,84.52
4/13/19,10:26,84.51,84.52,84.49,84.52
4/13/19,10:27,84.53,84.53,84.52,84.53
4/13/19,10:28,84.53,84.53,84.49,84.51
4/13/19,10:29,84.5,84.54,84.5,84.54
4/13/19,10:30,84.56,84.565,84.54,84.55
4/13/19,10:31,84.54,84.59,84.54,84.59
4/13/19,10:32,84.61,84.62,84.57,84.58
4/13/19,10:33,84.6,84.62,84.55,84.56
4/13/19,10:34,84.54,84.55,84.47,84.505
4/13/19,10:35,84.51,84.565,84.505,84.565
4/13/19,10:36,84.55,84.59,84.55,84.59
4/13/19,10:37,84.59,84.6,84.55,84.595
4/13/19,10:38,84.59,84.61,84.58,84.6
4/13/19,10:39,84.615,84.64,84.59,84.59
4/13/19,10:40,84.59,84.625,84.58,84.625
4/13/19,10:41,84.625,84.64,84.61,84.64
4/13/19,10:42,84.64,84.64,84.615,84.62
4/13/19,10:43,84.61,84.61,84.59,84.6
4/13/19,10:44,84.59,84.62,84.59,84.62
4/13/19,10:45,84.63,84.64,84.62,84.64
4/13/19,10:46,84.62,84.65,84.62,84.65
4/13/19,10:47,84.66,84.66,84.64,84.64
4/13/19,10:48,84.65,84.655,84.63,84.63
4/13/19,10:49,84.64,84.66,84.63,84.66
4/13/19,10:50,84.66,84.7,84.66,84.7
4/13/19,10:51,84.7,84.7,84.68,84.69
4/13/19,10:52,84.69,84.69,84.67,84.69
4/13/19,10:53,84.67,84.685,84.65,84.685
4/13/19,10:54,84.675,84.69,84.65,84.68
4/13/19,10:55,84.69,84.735,84.69,84.735
4/13/19,10:56,84.72,84.72,84.72,84.72
4/13/19,10:57,84.71,84.75,84.71,84.75
4/13/19,10:58,84.76,84.77,84.74,84.75
4/13/19,10:59,84.76,84.76,84.76,84.76
4/13/19,11:00,84.75,84.77,84.74,84.76
4/13/19,11:01,84.77,84.8,84.77,84.8
4/13/19,11:02,84.79,84.79,84.78,84.785
4/13/19,11:03,84.77,84.77,84.75,84.75
4/13/19,11:04,84.745,84.75,84.73,84.75
4/13/19,11:05,84.76,84.77,84.75,84.755
4/13/19,11:06,84.74,84.77,84.74,84.77
4/13/19,11:07,84.78,84.78,84.75,84.755
4/13/19,11:08,84.76,84.77,84.73,84.74
4/13/19,11:09,84.75,84.76,84.72,84.74
4/13/19,11:10,84.75,84.78,84.75,84.775
4/13/19,11:11,84.78,84.79,84.78,84.78
4/13/19,11:12,84.77,84.78,84.77,84.78
4/13/19,11:13,84.76,84.77,84.75,84.77
4/13/19,11:14,84.77,84.78,84.77,84.78
4/13/19,11:15,84.77,84.77,84.74,84.77
4/13/19,11:16,84.75,84.77,84.75,84.7649
4/13/19,11:17,84.77,84.78,84.765,84.765
4/13/19,11:18,84.79,84.805,84.78,84.805
4/13/19,11:19,84.805,84.81,84.79,84.79
4/13/19,11:20,84.8,84.81,84.8,84.81
4/13/19,11:21,84.8,84.8,84.75,84.77
4/13/19,11:22,84.7667,84.7667,84.76,84.76
4/13/19,11:23,84.76,84.77,84.76,84.7683
4/13/19,11:24,84.78,84.78,84.76,84.76
4/13/19,11:25,84.75,84.77,84.75,84.77
4/13/19,11:26,84.77,84.77,84.75,84.75
4/13/19,11:27,84.755,84.76,84.73,84.75
4/13/19,11:28,84.76,84.77,84.75,84.75
4/13/19,11:29,84.73,84.78,84.73,84.78
4/13/19,11:30,84.766,84.79,84.76,84.76
4/13/19,11:31,84.78,84.81,84.78,84.81
4/13/19,11:32,84.81,84.835,84.81,84.835
4/13/19,11:33,84.8464,84.8464,84.83,84.835
4/13/19,11:34,84.82,84.86,84.82,84.86
4/13/19,11:35,84.87,84.87,84.85,84.87
4/13/19,11:36,84.865,84.87,84.85,84.87
4/13/19,11:37,84.87,84.88,84.86,84.875
4/13/19,11:38,84.875,84.88,84.87,84.88
4/13/19,11:39,84.8827,84.8827,84.86,84.88
4/13/19,11:40,84.87,84.87,84.87,84.87
4/13/19,11:41,84.88,84.885,84.8755,84.885
4/13/19,11:42,84.88,84.905,84.88,84.9
4/13/19,11:43,84.89,84.9,84.89,84.9
4/13/19,11:44,84.91,84.92,84.9,84.92
4/13/19,11:45,84.93,84.93,84.92,84.93
4/13/19,11:46,84.92,84.92,84.91,84.91
4/13/19,11:47,84.93,84.93,84.93,84.93
4/13/19,11:48,84.91,84.92,84.91,84.92
4/13/19,11:49,84.93,84.95,84.92,84.92
4/13/19,11:50,84.93,84.95,84.91,84.91
4/13/19,11:51,84.92,84.93,84.9,84.9
4/13/19,11:52,84.9,84.9,84.89,84.89
4/13/19,11:53,84.88,84.88,84.84,84.84
4/13/19,11:54,84.835,84.86,84.82,84.85
4/13/19,11:55,84.86,84.88,84.86,84.87
4/13/19,11:56,84.87,84.87,84.87,84.87
4/13/19,11:57,84.89,84.89,84.88,84.885
4/13/19,11:58,84.87,84.875,84.86,84.86
4/13/19,11:59,84.85,84.855,84.85,84.85
4/13/19,12:00,84.86,84.88,84.84,84.88
4/13/19,12:01,84.8813,84.895,84.86,84.895
4/13/19,12:02,84.9,84.9,84.9,84.9
4/13/19,12:03,84.95,84.95,84.91,84.91
4/13/19,12:04,84.93,84.93,84.92,84.93
4/13/19,12:05,84.93,84.93,84.93,84.93
4/13/19,12:06,84.945,84.945,84.9447,84.9447
4/13/19,12:07,84.96,84.96,84.96,84.96
4/13/19,12:08,84.95,84.96,84.94,84.95
4/13/19,12:09,84.97,84.98,84.9698,84.9698
4/13/19,12:10,84.96,84.995,84.96,84.995
4/13/19,12:11,84.99,84.99,84.98,84.99
4/13/19,12:12,84.98,84.98,84.97,84.98
4/13/19,12:13,84.99,84.99,84.97,84.97
4/13/19,12:14,84.97,84.97,84.95,84.95
4/13/19,12:15,84.95,84.96,84.95,84.96
4/13/19,12:16,84.96,84.985,84.96,84.97
4/13/19,12:17,84.9662,84.9662,84.9662,84.9662
4/13/19,12:18,84.98,84.99,84.9603,84.9603
4/13/19,12:19,84.94,84.94,84.93,84.93
4/13/19,12:20,84.93,84.945,84.92,84.945
4/13/19,12:22,84.95,84.95,84.95,84.95
4/13/19,12:23,84.96,84.96,84.95,84.95
4/13/19,12:24,84.93,84.93,84.93,84.93
4/13/19,12:25,84.93,84.95,84.93,84.95
4/13/19,12:26,84.95,84.95,84.95,84.95
4/13/19,12:28,84.95,84.95,84.95,84.95
4/13/19,12:29,84.94,84.94,84.93,84.94
4/13/19,12:30,84.94,84.94,84.93,84.93
4/13/19,12:31,84.94,84.96,84.94,84.96
4/13/19,12:32,84.97,84.99,84.97,84.98
4/13/19,12:33,84.98,85,84.98,85
4/13/19,12:34,84.99,85.03,84.99,85.02
4/13/19,12:35,85.01,85.01,84.98,84.99
4/13/19,12:36,84.98,84.98,84.96,84.96
4/13/19,12:37,84.935,84.95,84.935,84.95
4/13/19,12:38,84.955,84.955,84.94,84.94
4/13/19,12:39,84.94,84.94,84.94,84.94
4/13/19,12:40,84.92,84.94,84.92,84.92
4/13/19,12:41,84.91,84.91,84.88,84.88
4/13/19,12:42,84.9,84.92,84.9,84.9
4/13/19,12:43,84.915,84.915,84.915,84.915
4/13/19,12:44,84.9,84.9,84.88,84.89
4/13/19,12:45,84.89,84.89,84.89,84.89
4/13/19,12:46,84.8984,84.92,84.89,84.92
4/13/19,12:47,84.92,84.93,84.92,84.92
4/13/19,12:48,84.93,84.94,84.92,84.92
4/13/19,12:49,84.9135,84.9135,84.9135,84.9135
4/13/19,12:50,84.93,84.93,84.89,84.89
4/13/19,12:51,84.9,84.915,84.9,84.9
4/13/19,12:52,84.92,84.92,84.9,84.9
4/13/19,12:53,84.9,84.9,84.8881,84.89
4/13/19,12:54,84.91,84.91,84.91,84.91
4/13/19,12:55,84.91,84.91,84.91,84.91
4/13/19,12:56,84.91,84.92,84.91,84.92
4/13/19,12:57,84.89,84.91,84.89,84.9034
4/13/19,12:58,84.93,84.93,84.91,84.92
4/13/19,12:59,84.92,84.92,84.9,84.91
4/13/19,13:00,84.91,84.91,84.88,84.88
4/13/19,13:01,84.89,84.9,84.89,84.9
4/13/19,13:02,84.88,84.88,84.86,84.86
4/13/19,13:03,84.875,84.875,84.86,84.86
4/13/19,13:04,84.87,84.87,84.8565,84.8565
4/13/19,13:05,84.87,84.87,84.87,84.87
4/13/19,13:06,84.86,84.88,84.86,84.865
4/13/19,13:07,84.85,84.88,84.85,84.88
4/13/19,13:08,84.8711,84.8711,84.85,84.85
4/13/19,13:09,84.85,84.87,84.85,84.87
4/13/19,13:10,84.87,84.87,84.84,84.85
4/13/19,13:11,84.86,84.87,84.86,84.87
4/13/19,13:12,84.88,84.9,84.88,84.9
4/13/19,13:13,84.87,84.89,84.87,84.8835
4/13/19,13:14,84.86,84.865,84.84,84.85
4/13/19,13:15,84.84,84.8422,84.83,84.83
4/13/19,13:16,84.83,84.83,84.83,84.83
4/13/19,13:17,84.81,84.83,84.8,84.83
4/13/19,13:18,84.8101,84.835,84.8101,84.835
4/13/19,13:19,84.85,84.87,84.84,84.84
4/13/19,13:20,84.85,84.85,84.83,84.85
4/13/19,13:21,84.85,84.86,84.85,84.86
4/13/19,13:22,84.85,84.87,84.83,84.85
4/13/19,13:23,84.83,84.83,84.81,84.81
4/13/19,13:24,84.81,84.82,84.79,84.79
4/13/19,13:25,84.785,84.785,84.7796,84.7796
4/13/19,13:26,84.799,84.8,84.77,84.77
4/13/19,13:27,84.785,84.8,84.78,84.8
4/13/19,13:28,84.78,84.8,84.77,84.775
4/13/19,13:29,84.78,84.79,84.75,84.79
4/13/19,13:30,84.78,84.8,84.78,84.8
4/13/19,13:32,84.79,84.82,84.79,84.82
4/13/19,13:33,84.83,84.84,84.83,84.84
4/13/19,13:34,84.82,84.82,84.8,84.8
4/13/19,13:36,84.79,84.79,84.75,84.75
4/13/19,13:37,84.755,84.77,84.74,84.75
4/13/19,13:38,84.77,84.77,84.75,84.75
4/13/19,13:39,84.75,84.76,84.75,84.76
4/13/19,13:40,84.74,84.74,84.73,84.74
4/13/19,13:41,84.76,84.77,84.75,84.75
4/13/19,13:43,84.77,84.78,84.77,84.78
4/13/19,13:44,84.76,84.775,84.755,84.755
4/13/19,13:45,84.77,84.78,84.76,84.78
4/13/19,13:46,84.79,84.83,84.79,84.83
4/13/19,13:47,84.82,84.82,84.81,84.815
4/13/19,13:48,84.81,84.83,84.81,84.83
4/13/19,13:49,84.84,84.86,84.84,84.86
4/13/19,13:50,84.88,84.88,84.88,84.88
4/13/19,13:51,84.86,84.87,84.85,84.85
4/13/19,13:52,84.86,84.86,84.85,84.85
4/13/19,13:53,84.85,84.86,84.85,84.86
4/13/19,13:54,84.87,84.87,84.87,84.87
4/13/19,13:55,84.88,84.88,84.88,84.88
4/13/19,13:57,84.88,84.89,84.88,84.89
4/13/19,13:58,84.9,84.905,84.89,84.89
4/13/19,13:59,84.88,84.88,84.88,84.88
4/13/19,14:00,84.9,84.94,84.9,84.94
4/13/19,14:01,84.95,84.95,84.92,84.93
4/13/19,14:02,84.92,84.95,84.92,84.935
4/13/19,14:03,84.93,84.94,84.92,84.94
4/13/19,14:04,84.935,84.94,84.925,84.925
4/13/19,14:05,84.92,84.925,84.89,84.9
4/13/19,14:06,84.89,84.89,84.89,84.89
4/13/19,14:07,84.895,84.91,84.895,84.91
4/13/19,14:08,84.91,84.94,84.91,84.94
4/13/19,14:09,84.94,84.96,84.94,84.94
4/13/19,14:10,84.94,84.96,84.89,84.91
4/13/19,14:11,84.88,84.88,84.87,84.87
4/13/19,14:12,84.86,84.87,84.84,84.85
4/13/19,14:13,84.84,84.855,84.81,84.81
4/13/19,14:14,84.83,84.83,84.815,84.815
4/13/19,14:15,84.82,84.84,84.81,84.81
4/13/19,14:16,84.82,84.82,84.81,84.81
4/13/19,14:17,84.81,84.81,84.79,84.79
4/13/19,14:18,84.78,84.78,84.76,84.76
4/13/19,14:19,84.76,84.76,84.76,84.76
4/13/19,14:20,84.73,84.74,84.73,84.74
4/13/19,14:21,84.74,84.79,84.74,84.79
4/13/19,14:23,84.78,84.79,84.77,84.77
4/13/19,14:24,84.77,84.77,84.75,84.77
4/13/19,14:25,84.75,84.75,84.73,84.73
4/13/19,14:26,84.725,84.74,84.725,84.74
4/13/19,14:27,84.75,84.7749,84.74,84.74
4/13/19,14:28,84.72,84.72,84.7,84.7
4/13/19,14:29,84.7,84.72,84.7,84.72
4/13/19,14:30,84.69,84.6966,84.69,84.6966
4/13/19,14:31,84.695,84.71,84.695,84.7
4/13/19,14:32,84.7,84.71,84.69,84.7
4/13/19,14:33,84.7,84.71,84.68,84.68
4/13/19,14:34,84.6713,84.7,84.6713,84.681
4/13/19,14:35,84.7,84.7,84.65,84.66
4/13/19,14:36,84.65,84.67,84.6,84.6
4/13/19,14:37,84.62,84.63,84.61,84.63
4/13/19,14:38,84.63,84.6424,84.6,84.6424
4/13/19,14:39,84.64,84.65,84.63,84.65
4/13/19,14:40,84.65,84.65,84.61,84.64
4/13/19,14:41,84.65,84.67,84.65,84.67
4/13/19,14:42,84.65,84.68,84.65,84.68
4/13/19,14:43,84.69,84.69,84.685,84.685
4/13/19,14:44,84.7,84.71,84.7,84.71
4/13/19,14:45,84.72,84.73,84.72,84.72
4/13/19,14:46,84.72,84.72,84.68,84.68
4/13/19,14:47,84.68,84.69,84.68,84.69
4/13/19,14:48,84.68,84.69,84.65,84.69
4/13/19,14:49,84.68,84.69,84.68,84.68
4/13/19,14:50,84.69,84.7,84.69,84.7
4/13/19,14:51,84.68,84.71,84.66,84.71
4/13/19,14:52,84.71,84.71,84.71,84.71
4/13/19,14:53,84.71,84.71,84.695,84.695
4/13/19,14:54,84.69,84.71,84.69,84.71
4/13/19,14:55,84.7,84.7,84.68,84.68
4/13/19,14:56,84.69,84.69,84.67,84.67
4/13/19,14:57,84.68,84.68,84.67,84.67
4/13/19,14:58,84.665,84.67,84.64,84.665
4/13/19,14:59,84.65,84.67,84.65,84.65
4/13/19,15:00,84.65,84.65,84.63,84.64
4/13/19,15:01,84.66,84.66,84.65,84.65
4/13/19,15:02,84.65,84.66,84.64,84.66
4/13/19,15:03,84.64,84.66,84.63,84.66
4/13/19,15:04,84.67,84.67,84.63,84.65
4/13/19,15:05,84.64,84.65,84.61,84.62
4/13/19,15:06,84.6299,84.64,84.61,84.61
4/13/19,15:07,84.61,84.64,84.61,84.64
4/13/19,15:08,84.65,84.66,84.64,84.65
4/13/19,15:09,84.64,84.64,84.6,84.6
4/13/19,15:10,84.57,84.62,84.57,84.6
4/13/19,15:11,84.59,84.59,84.54,84.54
4/13/19,15:12,84.56,84.58,84.56,84.58
4/13/19,15:13,84.58,84.58,84.52,84.52
4/13/19,15:14,84.53,84.53,84.5006,84.53
4/13/19,15:15,84.52,84.54,84.52,84.54
4/13/19,15:16,84.53,84.55,84.52,84.55
4/13/19,15:17,84.54,84.545,84.525,84.525
4/13/19,15:18,84.55,84.56,84.55,84.56
4/13/19,15:19,84.57,84.58,84.57,84.57
4/13/19,15:20,84.58,84.58,84.54,84.55
4/13/19,15:21,84.53,84.53,84.51,84.52
4/13/19,15:22,84.53,84.56,84.53,84.56
4/13/19,15:23,84.57,84.59,84.57,84.59
4/13/19,15:24,84.59,84.61,84.58,84.61
4/13/19,15:25,84.61,84.61,84.59,84.59
4/13/19,15:26,84.59,84.61,84.59,84.61
4/13/19,15:27,84.61,84.61,84.61,84.61
4/13/19,15:28,84.61,84.61,84.6,84.6
4/13/19,15:29,84.5851,84.62,84.5851,84.62
4/13/19,15:30,84.6,84.61,84.58,84.61
4/13/19,15:31,84.61,84.61,84.58,84.58
4/13/19,15:32,84.575,84.59,84.56,84.59
4/13/19,15:33,84.585,84.59,84.57,84.585
4/13/19,15:34,84.6,84.61,84.58,84.59
4/13/19,15:35,84.58,84.59,84.52,84.52
4/13/19,15:36,84.53,84.55,84.53,84.54
4/13/19,15:37,84.55,84.55,84.54,84.55
4/13/19,15:38,84.54,84.54,84.52,84.54
4/13/19,15:39,84.52,84.53,84.5098,84.52
4/13/19,15:40,84.52,84.52,84.5,84.5
4/13/19,15:41,84.51,84.54,84.5,84.53
4/13/19,15:42,84.53,84.53,84.51,84.52
4/13/19,15:43,84.53,84.55,84.52,84.54
4/13/19,15:44,84.54,84.54,84.515,84.52
4/13/19,15:45,84.516,84.53,84.51,84.52
4/13/19,15:46,84.53,84.53,84.49,84.49
4/13/19,15:47,84.48,84.49,84.44,84.47
4/13/19,15:48,84.465,84.48,84.45,84.48
4/13/19,15:49,84.47,84.48,84.46,84.47
4/13/19,15:50,84.475,84.48,84.42,84.44
4/13/19,15:51,84.435,84.44,84.42,84.43
4/13/19,15:52,84.421,84.45,84.415,84.45
4/13/19,15:53,84.445,84.48,84.44,84.48
4/13/19,15:54,84.485,84.56,84.47,84.56
4/13/19,15:55,84.55,84.59,84.545,84.58
4/13/19,15:56,84.57,84.59,84.56,84.56
4/13/19,15:57,84.57,84.6,84.56,84.595
4/13/19,15:58,84.6,84.64,84.6,84.629
4/13/19,15:59,84.63,84.65,84.61,84.62
4/14/19,09:30,84.65,84.65,84.65,84.65
4/14/19,09:31,84.65,84.81,84.65,84.81
4/14/19,09:32,84.89,84.89,84.77,84.77
4/14/19,09:33,84.64,84.77,84.64,84.76
4/14/19,09:34,84.8,84.8,84.61,84.61
4/14/19,09:35,84.51,84.6169,84.5096,84.59
4/14/19,09:36,84.61,84.63,84.5,84.63
4/14/19,09:37,84.61,84.61,84.53,84.58
4/14/19,09:38,84.53,84.62,84.53,84.54
4/14/19,09:39,84.54,84.64,84.54,84.6239
4/14/19,09:40,84.63,84.68,84.6,84.64
4/14/19,09:41,84.57,84.57,84.45,84.45
4/14/19,09:42,84.45,84.5,84.42,84.5
4/14/19,09:43,84.45,84.45,84.44,84.44
4/14/19,09:44,84.44,84.51,84.44,84.49
4/14/19,09:45,84.48,84.49,84.42,84.44
4/14/19,09:46,84.44,84.5,84.44,84.5
4/14/19,09:47,84.5,84.53,84.5,84.53
4/14/19,09:48,84.55,84.58,84.55,84.56
4/14/19,09:49,84.6,84.6,84.53,84.57
4/14/19,09:50,84.57,84.67,84.57,84.65
4/14/19,09:51,84.68,84.7,84.65,84.65
4/14/19,09:52,84.63,84.68,84.63,84.68
4/14/19,09:53,84.69,84.7,84.65,84.666
4/14/19,09:54,84.67,84.7395,84.67,84.7395
4/14/19,09:55,84.715,84.715,84.65,84.7
4/14/19,09:56,84.74,84.74,84.71,84.71
4/14/19,09:57,84.68,84.72,84.66,84.66
4/14/19,09:58,84.67,84.68,84.63,84.66
4/14/19,09:59,84.65,84.69,84.65,84.65
4/14/19,10:00,84.655,84.66,84.57,84.57
4/14/19,10:01,84.57,84.58,84.535,84.535
4/14/19,10:02,84.55,84.57,84.53,84.535
4/14/19,10:03,84.535,84.59,84.535,84.59
4/14/19,10:04,84.57,84.59,84.57,84.59
4/14/19,10:05,84.57,84.57,84.53,84.53
4/14/19,10:06,84.53,84.53,84.49,84.5
4/14/19,10:07,84.5,84.5,84.49,84.5
4/14/19,10:08,84.5,84.55,84.5,84.55
4/14/19,10:09,84.55,84.56,84.53,84.55
4/14/19,10:10,84.57,84.57,84.51,84.51
4/14/19,10:11,84.49,84.5,84.45,84.45
4/14/19,10:12,84.42,84.42,84.34,84.35
4/14/19,10:13,84.36,84.38,84.36,84.38
4/14/19,10:14,84.37,84.37,84.36,84.3601
4/14/19,10:15,84.38,84.39,84.38,84.38
4/14/19,10:16,84.37,84.37,84.33,84.33
4/14/19,10:17,84.34,84.38,84.32,84.32
4/14/19,10:18,84.29,84.3122,84.28,84.28
4/14/19,10:19,84.29,84.33,84.27,84.33
4/14/19,10:20,84.28,84.29,84.23,84.25
4/14/19,10:21,84.24,84.2831,84.24,84.28
4/14/19,10:22,84.29,84.3,84.24,84.24
4/14/19,10:23,84.26,84.27,84.26,84.27
4/14/19,10:24,84.25,84.28,84.23,84.28
4/14/19,10:25,84.28,84.28,84.2,84.2
4/14/19,10:26,84.2,84.23,84.1938,84.23
4/14/19,10:27,84.22,84.225,84.22,84.22
4/14/19,10:28,84.22,84.24,84.19,84.22
4/14/19,10:29,84.21,84.22,84.19,84.21
4/14/19,10:30,84.22,84.24,84.22,84.23
4/14/19,10:31,84.22,84.24,84.22,84.22
4/14/19,10:32,84.215,84.23,84.195,84.2
4/14/19,10:33,84.21,84.3,84.21,84.3
4/14/19,10:34,84.3,84.32,84.27,84.32
4/14/19,10:35,84.32,84.32,84.24,84.28
4/14/19,10:36,84.29,84.32,84.27,84.32
4/14/19,10:37,84.33,84.34,84.28,84.29
4/14/19,10:38,84.28,84.28,84.25,84.25
4/14/19,10:39,84.266,84.266,84.23,84.245
4/14/19,10:40,84.26,84.26,84.235,84.235
4/14/19,10:41,84.24,84.25,84.22,84.25
4/14/19,10:42,84.24,84.24,84.17,84.17
4/14/19,10:43,84.14,84.17,84.14,84.17
4/14/19,10:44,84.17,84.17,84.13,84.155
4/14/19,10:45,84.17,84.23,84.17,84.2
4/14/19,10:46,84.19,84.19,84.16,84.17
4/14/19,10:47,84.16,84.16,84.13,84.13
4/14/19,10:48,84.16,84.18,84.16,84.18
4/14/19,10:49,84.18,84.2,84.16,84.16
4/14/19,10:50,84.15,84.19,84.15,84.18
4/14/19,10:51,84.19,84.22,84.17,84.18
4/14/19,10:52,84.195,84.2,84.195,84.2
4/14/19,10:53,84.2,84.21,84.15,84.18
4/14/19,10:54,84.2,84.25,84.2,84.24
4/14/19,10:55,84.25,84.27,84.24,84.24
4/14/19,10:56,84.27,84.27,84.24,84.26
4/14/19,10:57,84.25,84.29,84.25,84.29
4/14/19,10:58,84.29,84.29,84.24,84.27
4/14/19,10:59,84.27,84.3,84.27,84.3
4/14/19,11:00,84.3,84.31,84.29,84.29
4/14/19,11:01,84.26,84.32,84.26,84.32
4/14/19,11:02,84.32,84.32,84.26,84.265
4/14/19,11:03,84.27,84.28,84.27,84.27
4/14/19,11:04,84.3,84.33,84.3,84.33
4/14/19,11:05,84.34,84.37,84.34,84.345
4/14/19,11:06,84.35,84.35,84.34,84.34
4/14/19,11:07,84.34,84.41,84.34,84.396
4/14/19,11:08,84.3739,84.3739,84.365,84.365
4/14/19,11:09,84.38,84.39,84.33,84.33
4/14/19,11:10,84.33,84.33,84.3,84.3
4/14/19,11:11,84.25,84.27,84.24,84.27
4/14/19,11:12,84.27,84.3,84.27,84.3
4/14/19,11:13,84.2857,84.2857,84.27,84.28
4/14/19,11:14,84.27,84.27,84.24,84.24
4/14/19,11:15,84.22,84.24,84.18,84.18
4/14/19,11:16,84.2,84.25,84.2,84.25
4/14/19,11:17,84.26,84.29,84.26,84.28
4/14/19,11:18,84.27,84.3,84.27,84.3
4/14/19,11:19,84.32,84.36,84.32,84.35
4/14/19,11:20,84.35,84.36,84.31,84.32
4/14/19,11:21,84.33,84.35,84.33,84.34
4/14/19,11:22,84.36,84.42,84.36,84.4
4/14/19,11:23,84.41,84.415,84.4,84.41
4/14/19,11:24,84.42,84.42,84.4,84.41
4/14/19,11:25,84.42,84.42,84.4,84.4
4/14/19,11:26,84.4,84.4,84.36,84.36
4/14/19,11:27,84.37,84.37,84.35,84.36
4/14/19,11:28,84.37,84.38,84.35,84.35
4/14/19,11:29,84.35,84.36,84.35,84.35
4/14/19,11:30,84.34,84.34,84.32,84.32
4/14/19,11:31,84.33,84.335,84.3,84.31
4/14/19,11:32,84.3,84.305,84.27,84.27
4/14/19,11:33,84.28,84.33,84.28,84.31
4/14/19,11:34,84.31,84.32,84.3,84.31
4/14/19,11:35,84.3,84.315,84.3,84.31
4/14/19,11:36,84.31,84.335,84.31,84.335
4/14/19,11:37,84.33,84.34,84.33,84.335
4/14/19,11:38,84.32,84.33,84.32,84.33
4/14/19,11:39,84.33,84.35,84.33,84.33
4/14/19,11:40,84.32,84.325,84.31,84.31
4/14/19,11:41,84.31,84.31,84.3,84.31
4/14/19,11:42,84.31,84.31,84.27,84.27
4/14/19,11:43,84.275,84.28,84.25,84.27
4/14/19,11:44,84.29,84.31,84.29,84.31
4/14/19,11:45,84.31,84.33,84.2901,84.293
4/14/19,11:46,84.31,84.31,84.31,84.31
4/14/19,11:47,84.29,84.31,84.28,84.305
4/14/19,11:48,84.31,84.31,84.3,84.3
4/14/19,11:49,84.27,84.275,84.24,84.24
4/14/19,11:50,84.21,84.2108,84.2,84.205
4/14/19,11:51,84.2,84.22,84.2,84.21
4/14/19,11:52,84.21,84.21,84.19,84.19
4/14/19,11:53,84.2,84.21,84.19,84.19
4/14/19,11:54,84.17,84.18,84.15,84.16
4/14/19,11:55,84.1699,84.18,84.13,84.15
4/14/19,11:56,84.15,84.15,84.14,84.14
4/14/19,11:57,84.16,84.18,84.16,84.17
4/14/19,11:58,84.1832,84.1832,84.16,84.16
4/14/19,11:59,84.166,84.22,84.166,84.2
4/14/19,12:00,84.2,84.2,84.19,84.19
4/14/19,12:01,84.175,84.175,84.15,84.15
4/14/19,12:02,84.17,84.17,84.15,84.15
4/14/19,12:03,84.16,84.16,84.14,84.14
4/14/19,12:04,84.125,84.125,84.08,84.08
4/14/19,12:05,84.08,84.1,84.055,84.08
4/14/19,12:06,84.06,84.06,84.04,84.05
4/14/19,12:07,84.07,84.07,84.04,84.04
4/14/19,12:08,84.035,84.06,84.035,84.06
4/14/19,12:09,84.06,84.08,84.06,84.0773
4/14/19,12:10,84.07,84.1,84.07,84.08
4/14/19,12:11,84.065,84.08,84.05,84.05
4/14/19,12:12,84.0496,84.0496,84.03,84.04
4/14/19,12:13,84.03,84.03,84.02,84.02
4/14/19,12:14,84.03,84.05,84.03,84.03
4/14/19,12:15,84.04,84.06,84.02,84.02
4/14/19,12:16,84.04,84.05,84.04,84.05
4/14/19,12:17,84.03,84.04,84.01,84.04
4/14/19,12:18,84.03,84.05,84.03,84.04
4/14/19,12:19,84.03,84.04,84.03,84.04
4/14/19,12:20,84.04,84.04,84.035,84.04
4/14/19,12:21,84.05,84.06,84.04,84.04
4/14/19,12:22,84.04,84.04,84.0361,84.0361
4/14/19,12:23,84.04,84.08,84.04,84.08
4/14/19,12:24,84.08,84.08,84.07,84.07
4/14/19,12:25,84.08,84.08,84.07,84.08
4/14/19,12:26,84.07,84.08,84.07,84.08
4/14/19,12:27,84.09,84.1,84.09,84.1
4/14/19,12:28,84.11,84.1201,84.11,84.1201
4/14/19,12:29,84.11,84.14,84.11,84.13
4/14/19,12:30,84.14,84.14,84.13,84.13
4/14/19,12:31,84.12,84.12,84.11,84.11
4/14/19,12:32,84.1,84.1,84.1,84.1
4/14/19,12:33,84.1,84.11,84.1,84.11
4/14/19,12:34,84.11,84.13,84.1,84.13
4/14/19,12:35,84.14,84.15,84.13,84.13
4/14/19,12:36,84.1,84.1,84.1,84.1
4/14/19,12:37,84.08,84.08,84.06,84.065
4/14/19,12:38,84.05,84.06,84.04,84.06
4/14/19,12:39,84.06,84.09,84.06,84.09
4/14/19,12:40,84.07,84.07,84.03,84.03
4/14/19,12:41,84.035,84.04,84.03,84.03
4/14/19,12:42,84.04,84.07,84.04,84.07
4/14/19,12:43,84.06,84.07,84.035,84.035
4/14/19,12:44,84.05,84.05,84.05,84.05
4/14/19,12:45,84.06,84.07,84.05,84.05
4/14/19,12:46,84.04,84.06,84.04,84.06
4/14/19,12:47,84.065,84.065,84.05,84.05
4/14/19,12:48,84.06,84.06,84.04,84.04
4/14/19,12:49,84.04,84.04,83.99,83.99
4/14/19,12:50,83.99,84.01,83.97,84
4/14/19,12:51,84,84,83.99,84
4/14/19,12:52,84,84,83.93,83.93
4/14/19,12:53,83.93,83.93,83.91,83.91
4/14/19,12:54,83.92,83.9455,83.92,83.9455
4/14/19,12:55,83.94,83.94,83.93,83.93
4/14/19,12:56,83.94,83.94,83.92,83.93
4/14/19,12:57,83.9365,83.95,83.93,83.93
4/14/19,12:58,83.93,83.94,83.93,83.93
4/14/19,12:59,83.94,83.95,83.93,83.93
4/14/19,13:00,83.93,83.97,83.93,83.96
4/14/19,13:01,83.9593,83.99,83.9593,83.99
4/14/19,13:02,83.97,83.98,83.97,83.98
4/14/19,13:03,83.985,84,83.98,84
4/14/19,13:04,83.99,83.99,83.98,83.99
4/14/19,13:05,83.98,83.98,83.96,83.96
4/14/19,13:06,83.96,83.97,83.96,83.97
4/14/19,13:07,83.97,83.97,83.95,83.96
4/14/19,13:08,83.96,83.96,83.94,83.94
4/14/19,13:09,83.94,83.94,83.94,83.94
4/14/19,13:10,83.93,83.94,83.93,83.94
4/14/19,13:11,83.93,83.945,83.93,83.94
4/14/19,13:12,83.94,83.95,83.905,83.95
4/14/19,13:13,83.94,83.94,83.93,83.93
4/14/19,13:14,83.92,83.92,83.89,83.91
4/14/19,13:15,83.91,83.93,83.89,83.89
4/14/19,13:16,83.88,83.88,83.87,83.87
4/14/19,13:17,83.86,83.86,83.8,83.81
4/14/19,13:18,83.81,83.81,83.79,83.8099
4/14/19,13:19,83.81,83.83,83.8,83.81
4/14/19,13:20,83.81,83.81,83.72,83.74
4/14/19,13:21,83.74,83.77,83.73,83.77
4/14/19,13:22,83.78,83.79,83.75,83.75
4/14/19,13:23,83.77,83.79,83.75,83.75
4/14/19,13:24,83.74,83.765,83.73,83.765
4/14/19,13:25,83.75,83.75,83.7,83.75
4/14/19,13:26,83.75,83.76,83.75,83.76
4/14/19,13:27,83.76,83.76,83.74,83.74
4/14/19,13:28,83.73,83.74,83.68,83.68
4/14/19,13:29,83.68,83.68,83.62,83.65
4/14/19,13:30,83.62,83.63,83.62,83.63
4/14/19,13:31,83.64,83.64,83.62,83.63
4/14/19,13:32,83.625,83.64,83.62,83.635
4/14/19,13:33,83.64,83.7,83.64,83.7
4/14/19,13:34,83.7,83.71,83.66,83.66
4/14/19,13:35,83.67,83.67,83.66,83.665
4/14/19,13:36,83.67,83.67,83.66,83.66
4/14/19,13:37,83.66,83.68,83.66,83.6792
4/14/19,13:38,83.67,83.6805,83.63,83.63
4/14/19,13:39,83.64,83.64,83.62,83.62
4/14/19,13:40,83.625,83.64,83.62,83.63
4/14/19,13:41,83.63,83.63,83.61,83.62
4/14/19,13:42,83.61,83.61,83.59,83.595
4/14/19,13:43,83.61,83.63,83.61,83.63
4/14/19,13:44,83.635,83.67,83.62,83.67
4/14/19,13:45,83.66,83.72,83.66,83.69
4/14/19,13:46,83.69,83.71,83.6632,83.71
4/14/19,13:47,83.7,83.73,83.7,83.73
4/14/19,13:48,83.74,83.74,83.72,83.74
4/14/19,13:49,83.74,83.753,83.74,83.74
4/14/19,13:50,83.73,83.76,83.72,83.73
4/14/19,13:51,83.73,83.74,83.7,83.7
4/14/19,13:52,83.68,83.73,83.68,83.72
4/14/19,13:53,83.72,83.72,83.68,83.68
4/14/19,13:54,83.68,83.7,83.64,83.64
4/14/19,13:55,83.63,83.65,83.62,83.62
4/14/19,13:56,83.61,83.67,83.61,83.67
4/14/19,13:57,83.6725,83.68,83.64,83.64
4/14/19,13:58,83.63,83.64,83.61,83.61
4/14/19,13:59,83.61,83.6313,83.61,83.6313
4/14/19,14:00,83.64,83.65,83.625,83.625
4/14/19,14:01,83.63,83.63,83.6,83.6
4/14/19,14:02,83.61,83.61,83.56,83.56
4/14/19,14:03,83.565,83.565,83.56,83.565
4/14/19,14:04,83.56,83.575,83.56,83.57
4/14/19,14:05,83.57,83.59,83.57,83.59
4/14/19,14:06,83.59,83.59,83.55,83.55
4/14/19,14:07,83.53,83.53,83.47,83.51
4/14/19,14:08,83.5,83.5,83.46,83.46
4/14/19,14:09,83.46,83.47,83.43,83.44
4/14/19,14:10,83.43,83.43,83.4,83.42
4/14/19,14:11,83.41,83.43,83.4,83.4
4/14/19,14:12,83.4,83.4,83.32,83.37
4/14/19,14:13,83.365,83.46,83.365,83.42
4/14/19,14:14,83.415,83.415,83.39,83.4
4/14/19,14:15,83.41,83.46,83.41,83.46
4/14/19,14:16,83.45,83.48,83.45,83.45
4/14/19,14:17,83.425,83.445,83.425,83.44
4/14/19,14:18,83.44,83.44,83.39,83.4
4/14/19,14:19,83.41,83.41,83.39,83.39
4/14/19,14:20,83.39,83.39,83.355,83.36
4/14/19,14:21,83.3683,83.42,83.3683,83.42
4/14/19,14:22,83.4211,83.47,83.42,83.46
4/14/19,14:23,83.47,83.47,83.44,83.47
4/14/19,14:24,83.46,83.46,83.42,83.44
4/14/19,14:25,83.4365,83.48,83.4365,83.48
4/14/19,14:26,83.47,83.49,83.47,83.49
4/14/19,14:27,83.49,83.52,83.49,83.51
4/14/19,14:28,83.5,83.53,83.5,83.51
4/14/19,14:29,83.52,83.54,83.52,83.54
4/14/19,14:30,83.55,83.6,83.55,83.58
4/14/19,14:31,83.6,83.62,83.6,83.61
4/14/19,14:32,83.6,83.61,83.6,83.61
4/14/19,14:33,83.62,83.64,83.61,83.61
4/14/19,14:34,83.585,83.62,83.585,83.62
4/14/19,14:35,83.62,83.66,83.62,83.65
4/14/19,14:36,83.64,83.64,83.62,83.63
4/14/19,14:37,83.6,83.62,83.58,83.585
4/14/19,14:38,83.6,83.64,83.6,83.64
4/14/19,14:39,83.63,83.63,83.59,83.6
4/14/19,14:40,83.59,83.5945,83.47,83.51
4/14/19,14:41,83.5,83.58,83.5,83.58
4/14/19,14:42,83.6,83.63,83.6,83.6069
4/14/19,14:43,83.62,83.65,83.62,83.64
4/14/19,14:44,83.6275,83.655,83.6275,83.65
4/14/19,14:45,83.65,83.7,83.65,83.68
4/14/19,14:46,83.68,83.69,83.67,83.68
4/14/19,14:47,83.69,83.75,83.69,83.7276
4/14/19,14:48,83.72,83.72,83.68,83.69
4/14/19,14:49,83.69,83.69,83.66,83.67
4/14/19,14:50,83.67,83.68,83.61,83.61
4/14/19,14:51,83.625,83.63,83.59,83.59
4/14/19,14:52,83.6,83.63,83.6,83.61
4/14/19,14:53,83.6,83.605,83.59,83.59
4/14/19,14:54,83.595,83.61,83.58,83.6
4/14/19,14:55,83.6,83.6,83.58,83.58
4/14/19,14:56,83.588,83.62,83.58,83.595
4/14/19,14:57,83.59,83.63,83.59,83.6
4/14/19,14:58,83.605,83.63,83.59,83.59
4/14/19,14:59,83.58,83.6,83.58,83.58
4/14/19,15:00,83.58,83.63,83.58,83.62
4/14/19,15:01,83.61,83.65,83.59,83.65
4/14/19,15:02,83.64,83.64,83.6077,83.62
4/14/19,15:03,83.62,83.62,83.6,83.605
4/14/19,15:04,83.6,83.65,83.6,83.64
4/14/19,15:05,83.64,83.65,83.625,83.6332
4/14/19,15:06,83.64,83.66,83.64,83.65
4/14/19,15:07,83.64,83.65,83.635,83.65
4/14/19,15:08,83.65,83.68,83.65,83.67
4/14/19,15:09,83.675,83.68,83.66,83.66
4/14/19,15:10,83.67,83.67,83.66,83.665
4/14/19,15:11,83.665,83.71,83.665,83.69
4/14/19,15:12,83.7,83.71,83.7,83.71
4/14/19,15:13,83.72,83.74,83.71,83.721
4/14/19,15:14,83.73,83.74,83.73,83.74
4/14/19,15:15,83.74,83.745,83.73,83.74
4/14/19,15:16,83.725,83.75,83.725,83.745
4/14/19,15:17,83.74,83.76,83.72,83.76
4/14/19,15:18,83.75,83.76,83.75,83.755
4/14/19,15:19,83.755,83.78,83.75,83.77
4/14/19,15:20,83.77,83.79,83.75,83.79
4/14/19,15:21,83.79,83.79,83.74,83.74
4/14/19,15:22,83.735,83.75,83.71,83.71
4/14/19,15:23,83.71,83.72,83.7,83.72
4/14/19,15:24,83.72,83.72,83.69,83.7
4/14/19,15:25,83.7,83.72,83.7,83.71
4/14/19,15:26,83.7,83.72,83.7,83.715
4/14/19,15:27,83.715,83.715,83.67,83.67
4/14/19,15:28,83.67,83.69,83.67,83.67
4/14/19,15:29,83.685,83.71,83.685,83.71
4/14/19,15:30,83.7,83.76,83.7,83.76
4/14/19,15:31,83.76,83.76,83.71,83.71
4/14/19,15:32,83.7,83.72,83.69,83.69
4/14/19,15:33,83.68,83.68,83.62,83.63
4/14/19,15:34,83.63,83.64,83.59,83.6
4/14/19,15:35,83.61,83.62,83.59,83.61
4/14/19,15:36,83.605,83.66,83.6,83.63
4/14/19,15:37,83.64,83.64,83.6,83.605
4/14/19,15:38,83.61,83.65,83.5993,83.65
4/14/19,15:39,83.66,83.71,83.66,83.69
4/14/19,15:40,83.7,83.72,83.69,83.7
4/14/19,15:41,83.7,83.705,83.66,83.68
4/14/19,15:42,83.69,83.7,83.665,83.665
4/14/19,15:43,83.67,83.69,83.665,83.68
4/14/19,15:44,83.68,83.68,83.62,83.63
4/14/19,15:45,83.62,83.68,83.62,83.68
4/14/19,15:46,83.685,83.69,83.655,83.66
4/14/19,15:47,83.665,83.72,83.665,83.685
4/14/19,15:48,83.69,83.695,83.68,83.68
4/14/19,15:49,83.68,83.72,83.68,83.7
4/14/19,15:50,83.7,83.74,83.7,83.73
4/14/19,15:51,83.735,83.74,83.715,83.74
4/14/19,15:52,83.74,83.74,83.67,83.69
4/14/19,15:53,83.695,83.72,83.68,83.72
4/14/19,15:54,83.72,83.72,83.67,83.685
4/14/19,15:55,83.685,83.72,83.675,83.72
4/14/19,15:56,83.715,83.72,83.68,83.685
4/14/19,15:57,83.69,83.71,83.65,83.65
4/14/19,15:58,83.65,83.67,83.64,83.64
4/14/19,15:59,83.65,83.67,83.59,83.64
4/15/19,09:30,83.76,83.81,83.695,83.81
4/15/19,09:31,83.63,83.63,83.4,83.4075
4/15/19,09:32,83.4,83.5,83.4,83.5
4/15/19,09:33,83.58,83.59,83.4987,83.58
4/15/19,09:34,83.47,83.79,83.47,83.65
4/15/19,09:35,83.47,83.57,83.47,83.57
4/15/19,09:36,83.53,83.61,83.484,83.484
4/15/19,09:37,83.54,83.6,83.495,83.52
4/15/19,09:38,83.52,83.55,83.49,83.49
4/15/19,09:39,83.44,83.5,83.41,83.49
4/15/19,09:40,83.49,83.6,83.49,83.55
4/15/19,09:41,83.61,83.68,83.57,83.68
4/15/19,09:42,83.63,83.74,83.62,83.74
4/15/19,09:43,83.69,83.77,83.69,83.73
4/15/19,09:44,83.75,83.75,83.63,83.65
4/15/19,09:45,83.63,83.63,83.53,83.53
4/15/19,09:46,83.55,83.62,83.55,83.62
4/15/19,09:47,83.58,83.65,83.58,83.65
4/15/19,09:48,83.58,83.68,83.58,83.68
4/15/19,09:49,83.6962,83.76,83.69,83.705
4/15/19,09:50,83.71,83.74,83.68,83.74
4/15/19,09:51,83.79,83.82,83.77,83.81
4/15/19,09:52,83.76,83.84,83.76,83.84
4/15/19,09:53,83.8,83.82,83.74,83.78
4/15/19,09:54,83.76,83.8,83.72,83.74
4/15/19,09:55,83.74,83.75,83.47,83.59
4/15/19,09:56,83.61,83.67,83.57,83.62
4/15/19,09:57,83.63,83.65,83.53,83.65
4/15/19,09:58,83.66,83.78,83.66,83.78
4/15/19,09:59,83.75,83.81,83.71,83.81
4/15/19,10:00,83.83,83.83,83.74,83.74
4/15/19,10:01,83.74,83.75,83.59,83.59
4/15/19,10:02,83.6,83.6,83.54,83.58
4/15/19,10:03,83.55,83.55,83.5,83.52
4/15/19,10:04,83.53,83.58,83.53,83.56
4/15/19,10:05,83.54,83.6,83.53,83.58
4/15/19,10:06,83.6,83.64,83.52,83.53
4/15/19,10:07,83.54,83.61,83.54,83.61
4/15/19,10:08,83.6,83.6,83.46,83.47
4/15/19,10:09,83.45,83.48,83.42,83.46
4/15/19,10:10,83.46,83.51,83.46,83.49
4/15/19,10:11,83.47,83.5,83.44,83.5
4/15/19,10:12,83.5196,83.59,83.5196,83.58
4/15/19,10:13,83.58,83.63,83.58,83.62
4/15/19,10:14,83.6,83.65,83.6,83.65
4/15/19,10:15,83.66,83.75,83.66,83.75
4/15/19,10:16,83.7501,83.79,83.71,83.71
4/15/19,10:17,83.69,83.71,83.66,83.66
4/15/19,10:18,83.65,83.71,83.65,83.7
4/15/19,10:19,83.69,83.78,83.69,83.78
4/15/19,10:20,83.79,83.83,83.785,83.82
4/15/19,10:21,83.825,83.83,83.77,83.77
4/15/19,10:22,83.76,83.76,83.68,83.71
4/15/19,10:23,83.71,83.71,83.65,83.66
4/15/19,10:24,83.645,83.68,83.64,83.68
4/15/19,10:25,83.63,83.6702,83.62,83.6702
4/15/19,10:26,83.66,83.735,83.66,83.735
4/15/19,10:27,83.72,83.72,83.68,83.68
4/15/19,10:28,83.66,83.75,83.63,83.71
4/15/19,10:29,83.69,83.73,83.69,83.72
4/15/19,10:30,83.73,83.76,83.7,83.72
4/15/19,10:31,83.75,83.8,83.7393,83.75
4/15/19,10:32,83.75,83.75,83.72,83.73
4/15/19,10:33,83.72,83.73,83.67,83.685
4/15/19,10:34,83.67,83.68,83.655,83.68
4/15/19,10:35,83.66,83.66,83.64,83.655
4/15/19,10:36,83.65,83.7,83.635,83.7
4/15/19,10:37,83.725,83.725,83.68,83.68
4/15/19,10:38,83.66,83.68,83.66,83.67
4/15/19,10:39,83.69,83.72,83.68,83.69
4/15/19,10:40,83.7,83.7,83.665,83.665
4/15/19,10:41,83.68,83.69,83.65,83.68
4/15/19,10:42,83.69,83.73,83.67,83.68
4/15/19,10:43,83.69,83.74,83.69,83.72
4/15/19,10:44,83.72,83.72,83.68,83.69
4/15/19,10:45,83.695,83.74,83.69,83.72
4/15/19,10:46,83.715,83.72,83.7,83.72
4/15/19,10:47,83.72,83.74,83.7,83.74
4/15/19,10:48,83.72,83.72,83.71,83.72
4/15/19,10:49,83.71,83.71,83.68,83.68
4/15/19,10:50,83.705,83.72,83.7,83.7
4/15/19,10:51,83.71,83.71,83.7,83.71
4/15/19,10:52,83.7144,83.7144,83.67,83.68
4/15/19,10:53,83.65,83.67,83.64,83.65
4/15/19,10:54,83.64,83.66,83.62,83.63
4/15/19,10:55,83.62,83.62,83.6,83.62
4/15/19,10:56,83.635,83.68,83.635,83.65
4/15/19,10:57,83.65,83.66,83.65,83.66
4/15/19,10:58,83.67,83.68,83.64,83.64
4/15/19,10:59,83.64,83.66,83.64,83.66
4/15/19,11:00,83.66,83.67,83.62,83.63
4/15/19,11:01,83.62,83.67,83.62,83.67
4/15/19,11:02,83.65,83.67,83.65,83.67
4/15/19,11:03,83.69,83.74,83.69,83.74
4/15/19,11:04,83.745,83.77,83.745,83.77
4/15/19,11:05,83.75,83.77,83.74,83.77
4/15/19,11:06,83.78,83.8,83.78,83.78
4/15/19,11:07,83.76,83.76,83.71,83.71
4/15/19,11:08,83.71,83.76,83.71,83.745
4/15/19,11:09,83.77,83.8,83.76,83.78
4/15/19,11:10,83.8,83.8,83.7899,83.79
4/15/19,11:11,83.8,83.8,83.785,83.785
4/15/19,11:12,83.745,83.76,83.73,83.75
4/15/19,11:13,83.8,83.81,83.79,83.79
4/15/19,11:14,83.79,83.79,83.76,83.76
4/15/19,11:15,83.77,83.79,83.7499,83.7499
4/15/19,11:16,83.73,83.73,83.73,83.73
4/15/19,11:17,83.73,83.76,83.73,83.75
4/15/19,11:18,83.75,83.76,83.73,83.76
4/15/19,11:19,83.76,83.81,83.76,83.795
4/15/19,11:20,83.76,83.81,83.76,83.81
4/15/19,11:21,83.78,83.78,83.77,83.77
4/15/19,11:22,83.76,83.78,83.75,83.77
4/15/19,11:23,83.78,83.81,83.78,83.785
4/15/19,11:24,83.8,83.81,83.79,83.79
4/15/19,11:25,83.81,83.82,83.81,83.82
4/15/19,11:26,83.85,83.855,83.82,83.82
4/15/19,11:27,83.83,83.83,83.83,83.83
4/15/19,11:28,83.82,83.85,83.82,83.84
4/15/19,11:29,83.85,83.87,83.85,83.865
4/15/19,11:30,83.86,83.9,83.86,83.895
4/15/19,11:31,83.89,83.89,83.81,83.81
4/15/19,11:32,83.8062,83.84,83.8062,83.82
4/15/19,11:33,83.82,83.86,83.82,83.86
4/15/19,11:34,83.85,83.88,83.84,83.88
4/15/19,11:35,83.87,83.91,83.87,83.91
4/15/19,11:36,83.91,83.91,83.89,83.89
4/15/19,11:37,83.875,83.9,83.875,83.875
4/15/19,11:38,83.88,83.88,83.84,83.84
4/15/19,11:39,83.84,83.85,83.84,83.84
4/15/19,11:40,83.84,83.87,83.84,83.84
4/15/19,11:41,83.8309,83.84,83.8309,83.84
4/15/19,11:42,83.86,83.88,83.83,83.87
4/15/19,11:43,83.87,83.88,83.87,83.88
4/15/19,11:44,83.88,83.88,83.88,83.88
4/15/19,11:45,83.88,83.88,83.84,83.86
4/15/19,11:46,83.87,83.92,83.865,83.9
4/15/19,11:47,83.9,83.93,83.9,83.915
4/15/19,11:48,83.89,83.96,83.89,83.96
4/15/19,11:49,83.94,83.95,83.93,83.95
4/15/19,11:50,83.93,83.95,83.93,83.95
4/15/19,11:51,83.96,83.98,83.96,83.98
4/15/19,11:52,83.99,83.99,83.96,83.96
4/15/19,11:53,83.94,83.97,83.94,83.97
4/15/19,11:54,83.965,84,83.96,84
4/15/19,11:55,83.99,84.04,83.99,84.04
4/15/19,11:56,84.05,84.08,84.04,84.07
4/15/19,11:57,84.09,84.09,84.07,84.09
4/15/19,11:58,84.08,84.08,84.08,84.08
4/15/19,11:59,84.08,84.1,84.08,84.1
4/15/19,12:00,84.0897,84.11,84.0739,84.0739
4/15/19,12:01,84.06,84.07,84.06,84.07
4/15/19,12:02,84.08,84.12,84.08,84.11
4/15/19,12:03,84.1,84.105,84.08,84.08
4/15/19,12:04,84.075,84.08,84.075,84.08
4/15/19,12:05,84.075,84.09,84.075,84.09
4/15/19,12:06,84.08,84.08,84.055,84.055
4/15/19,12:07,84.06,84.06,84.04,84.04
4/15/19,12:08,84.03,84.04,84.03,84.04
4/15/19,12:09,84.04,84.05,84.03,84.05
4/15/19,12:10,84.05,84.07,84.04,84.07
4/15/19,12:11,84.05,84.1,84.04,84.1
4/15/19,12:12,84.09,84.14,84.09,84.14
4/15/19,12:13,84.15,84.15,84.13,84.13
4/15/19,12:14,84.12,84.12,84.05,84.1
4/15/19,12:15,84.09,84.09,84.07,84.08
4/15/19,12:16,84.05,84.06,84.03,84.05
4/15/19,12:17,84.06,84.075,84.05,84.075
4/15/19,12:18,84.08,84.08,84.07,84.0705
4/15/19,12:19,84.06,84.06,84.02,84.02
4/15/19,12:20,84.01,84.01,83.97,83.97
4/15/19,12:21,83.96,83.98,83.96,83.97
4/15/19,12:22,83.99,83.99,83.96,83.96
4/15/19,12:23,83.98,84.04,83.98,84.04
4/15/19,12:24,84.07,84.07,84.05,84.05
4/15/19,12:25,84.07,84.12,84.07,84.1
4/15/19,12:26,84.08,84.1,84.08,84.1
4/15/19,12:27,84.08,84.09,84.04,84.07
4/15/19,12:28,84.071,84.08,84.06,84.06
4/15/19,12:29,84.07,84.11,84.065,84.085
4/15/19,12:30,84.1,84.12,84.1,84.11
4/15/19,12:31,84.11,84.16,84.11,84.16
4/15/19,12:32,84.17,84.17,84.15,84.15
4/15/19,12:33,84.14,84.15,84.13,84.13
4/15/19,12:34,84.11,84.11,84.05,84.05
4/15/19,12:35,84.04,84.05,84.02,84.02
4/15/19,12:36,84.01,84.02,83.98,84.02
4/15/19,12:37,84.03,84.03,83.97,83.99
4/15/19,12:38,83.99,84,83.94,83.955
4/15/19,12:39,83.96,84.01,83.95,83.98
4/15/19,12:40,83.96,83.98,83.96,83.98
4/15/19,12:41,83.99,84.015,83.985,84.01
4/15/19,12:42,84.04,84.05,84.0128,84.0128
4/15/19,12:43,84.03,84.04,84.03,84.04
4/15/19,12:44,84.03,84.05,84.03,84.05
4/15/19,12:45,84.05,84.05,84.04,84.04
4/15/19,12:46,84.03,84.03,83.98,84
4/15/19,12:47,84.01,84.03,84,84
4/15/19,12:48,83.99,84.01,83.99,84.01
4/15/19,12:49,83.98,84,83.98,83.99
4/15/19,12:50,83.97,83.98,83.94,83.94
4/15/19,12:51,83.95,83.96,83.95,83.95
4/15/19,12:52,83.94,83.97,83.94,83.97
4/15/19,12:53,83.96,84,83.96,84
4/15/19,12:54,84.02,84.04,84,84.02
4/15/19,12:55,84,84,83.98,83.99
4/15/19,12:56,83.995,84.03,83.995,84.025
4/15/19,12:57,84.02,84.03,84.02,84.025
4/15/19,12:58,84.01,84.01,84.01,84.01
4/15/19,12:59,83.99,84,83.98,84
4/15/19,13:00,84,84.02,84,84.02
4/15/19,13:01,84.03,84.07,84.02,84.07
4/15/19,13:02,84.08,84.0851,84.0544,84.0544
4/15/19,13:03,84.05,84.0753,84.05,84.0753
4/15/19,13:04,84.06,84.08,84.06,84.08
4/15/19,13:05,84.08,84.12,84.08,84.12
4/15/19,13:06,84.12,84.12,84.11,84.11
4/15/19,13:07,84.1,84.1,84.08,84.09
4/15/19,13:08,84.1,84.1012,84.09,84.09
4/15/19,13:09,84.075,84.1,84.075,84.1
4/15/19,13:10,84.08,84.1,84.08,84.09
4/15/19,13:11,84.09,84.1025,84.09,84.1025
4/15/19,13:12,84.08,84.11,84.08,84.11
4/15/19,13:13,84.1,84.1,84.07,84.07
4/15/19,13:14,84.05,84.07,84.05,84.0628
4/15/19,13:15,84.04,84.04,84.02,84.04
4/15/19,13:16,84.05,84.0564,84.04,84.04
4/15/19,13:17,84.04,84.07,84.04,84.065
4/15/19,13:18,84.06,84.07,84.06,84.07
4/15/19,13:19,84.06,84.08,84.06,84.08
4/15/19,13:20,84.08,84.08,84.06,84.07
4/15/19,13:21,84.08,84.08,84.05,84.05
4/15/19,13:22,84.05,84.09,84.04,84.07
4/15/19,13:23,84.075,84.11,84.0667,84.08
4/15/19,13:24,84.08,84.105,84.08,84.08
4/15/19,13:25,84.07,84.08,84.07,84.08
4/15/19,13:26,84.07,84.08,84.07,84.08
4/15/19,13:28,84.05,84.08,84.05,84.08
4/15/19,13:29,84.075,84.08,84.075,84.08
4/15/19,13:30,84.08,84.085,84.08,84.085
4/15/19,13:31,84.08,84.08,84.0698,84.0698
4/15/19,13:32,84.06,84.06,84.06,84.06
4/15/19,13:33,84.07,84.07,84.06,84.07
4/15/19,13:34,84.07,84.07,84.04,84.06
4/15/19,13:36,84.06,84.06,84.03,84.03
4/15/19,13:37,84.03,84.03,84,84
4/15/19,13:38,84,84,83.99,83.99
4/15/19,13:39,84.0012,84.01,84,84.01
4/15/19,13:40,84.01,84.01,83.98,83.98
4/15/19,13:41,83.96,84,83.96,84
4/15/19,13:43,84,84.01,84,84.0043
4/15/19,13:44,84,84.0035,84,84.0035
4/15/19,13:45,84.01,84.03,84.005,84.03
4/15/19,13:46,84.05,84.06,84.03,84.03
4/15/19,13:47,84.0322,84.0322,84.0322,84.0322
4/15/19,13:48,84.033,84.04,84.033,84.035
4/15/19,13:49,84.04,84.045,84.03,84.04
4/15/19,13:50,84.05,84.05,84.03,84.03
4/15/19,13:51,84.0415,84.0415,84.03,84.04
4/15/19,13:52,84.01,84.01,84,84
4/15/19,13:53,83.9995,84,83.995,84
4/15/19,13:54,84.005,84.01,84,84
4/15/19,13:55,84,84,83.995,84
4/15/19,13:56,83.99,83.99,83.95,83.95
4/15/19,13:57,83.95,83.97,83.95,83.97
4/15/19,13:58,83.9401,83.9401,83.94,83.94
4/15/19,13:59,83.92,83.92,83.89,83.89
4/15/19,14:00,83.9,83.94,83.9,83.94
4/15/19,14:01,83.92,83.925,83.9,83.9
4/15/19,14:02,83.9,83.9,83.88,83.9
4/15/19,14:03,83.9,83.9,83.86,83.86
4/15/19,14:04,83.85,83.85,83.815,83.815
4/15/19,14:05,83.81,83.8216,83.8,83.81
4/15/19,14:06,83.81,83.82,83.8,83.82
4/15/19,14:07,83.83,83.83,83.81,83.81
4/15/19,14:08,83.81,83.83,83.81,83.83
4/15/19,14:09,83.83,83.84,83.83,83.84
4/15/19,14:10,83.85,83.87,83.85,83.85
4/15/19,14:11,83.86,83.86,83.84,83.84
4/15/19,14:12,83.86,83.86,83.85,83.85
4/15/19,14:13,83.85,83.87,83.83,83.87
4/15/19,14:14,83.88,83.88,83.84,83.85
4/15/19,14:15,83.845,83.88,83.845,83.88
4/15/19,14:16,83.88,83.92,83.88,83.88
4/15/19,14:17,83.89,83.89,83.86,83.86
4/15/19,14:18,83.85,83.85,83.8,83.83
4/15/19,14:19,83.83,83.86,83.82,83.84
4/15/19,14:20,83.84,83.845,83.82,83.845
4/15/19,14:21,83.84,83.84,83.83,83.835
4/15/19,14:22,83.84,83.84,83.84,83.84
4/15/19,14:23,83.84,83.84,83.8,83.8
4/15/19,14:24,83.81,83.81,83.8,83.805
4/15/19,14:25,83.81,83.81,83.77,83.78
4/15/19,14:26,83.79,83.79,83.775,83.78
4/15/19,14:27,83.78,83.78,83.7501,83.77
4/15/19,14:28,83.76,83.76,83.75,83.75
4/15/19,14:29,83.75,83.75,83.75,83.75
4/15/19,14:30,83.75,83.77,83.75,83.77
4/15/19,14:31,83.77,83.79,83.77,83.79
4/15/19,14:32,83.795,83.795,83.79,83.79
4/15/19,14:33,83.78,83.79,83.78,83.79
4/15/19,14:34,83.78,83.78,83.77,83.77
4/15/19,14:35,83.78,83.87,83.78,83.85
4/15/19,14:36,83.834,83.86,83.83,83.86
4/15/19,14:37,83.87,83.884,83.87,83.884
4/15/19,14:38,83.88,83.92,83.86,83.9
4/15/19,14:39,83.89,83.92,83.89,83.92
4/15/19,14:40,83.935,83.935,83.935,83.935
4/15/19,14:41,83.94,83.94,83.919,83.93
4/15/19,14:42,83.93,83.93,83.91,83.91
4/15/19,14:43,83.92,83.93,83.92,83.93
4/15/19,14:44,83.9301,83.94,83.92,83.93
4/15/19,14:45,83.94,83.95,83.94,83.95
4/15/19,14:46,83.94,83.97,83.94,83.97
4/15/19,14:47,83.98,84,83.98,84
4/15/19,14:48,83.99,83.995,83.98,83.99
4/15/19,14:49,83.985,83.99,83.96,83.96
4/15/19,14:50,83.97,83.97,83.94,83.95
4/15/19,14:51,83.93,83.94,83.93,83.94
4/15/19,14:52,83.935,83.935,83.93,83.93
4/15/19,14:53,83.93,83.94,83.92,83.92
4/15/19,14:54,83.92,83.955,83.92,83.95
4/15/19,14:55,83.94,83.94,83.93,83.94
4/15/19,14:56,83.945,84.005,83.9239,83.99
4/15/19,14:57,84,84.06,84,84.06
4/15/19,14:58,84.055,84.08,84.055,84.07
4/15/19,14:59,84.05,84.07,84.05,84.06
4/15/19,15:00,84.06,84.095,84.06,84.08
4/15/19,15:01,84.07,84.12,84.07,84.12
4/15/19,15:02,84.1,84.1,84.07,84.085
4/15/19,15:03,84.09,84.1,84.07,84.07
4/15/19,15:04,84.06,84.06,84.04,84.04
4/15/19,15:05,84.04,84.04,83.995,84.01
4/15/19,15:06,84.02,84.035,84.01,84.035
4/15/19,15:07,84.04,84.04,84.02,84.02
4/15/19,15:08,84.02,84.04,84.02,84.03
4/15/19,15:09,84.04,84.04,84.04,84.04
4/15/19,15:10,84.04,84.08,84.04,84.06
4/15/19,15:11,84.05,84.055,84.02,84.04
4/15/19,15:12,84.05,84.05,84.03,84.04
4/15/19,15:13,84.03,84.03,84,84.02
4/15/19,15:14,84.01,84.02,84,84.02
4/15/19,15:15,84.03,84.06,84.025,84.055
4/15/19,15:16,84.055,84.075,84.055,84.07
4/15/19,15:17,84.06,84.06,84.03,84.03
4/15/19,15:18,84.03,84.035,83.99,84
4/15/19,15:19,84.005,84.01,83.99,83.99
4/15/19,15:20,83.98,84.01,83.98,84.01
4/15/19,15:21,84.015,84.02,84.015,84.02
4/15/19,15:22,84.015,84.015,83.9994,84
4/15/19,15:23,84.005,84.01,84,84
4/15/19,15:24,84.005,84.03,84.005,84.01
4/15/19,15:25,84.02,84.02,84,84.005
4/15/19,15:26,84,84.005,83.96,83.96
4/15/19,15:27,83.96,83.965,83.9541,83.96
4/15/19,15:28,83.96,83.98,83.95,83.98
4/15/19,15:29,84,84.005,83.965,83.965
4/15/19,15:30,83.97,83.98,83.965,83.97
4/15/19,15:31,83.96,83.96,83.92,83.92
4/15/19,15:32,83.91,83.92,83.89,83.9
4/15/19,15:33,83.8801,83.91,83.88,83.9
4/15/19,15:34,83.91,83.94,83.905,83.905
4/15/19,15:35,83.92,83.94,83.92,83.92
4/15/19,15:36,83.92,83.935,83.92,83.93
4/15/19,15:37,83.94,83.945,83.93,83.93
4/15/19,15:38,83.94,83.95,83.9,83.9
4/15/19,15:39,83.8946,83.92,83.8946,83.92
4/15/19,15:40,83.93,83.94,83.92,83.92
4/15/19,15:41,83.91,83.92,83.86,83.86
4/15/19,15:42,83.86,83.86,83.82,83.82
4/15/19,15:43,83.815,83.82,83.81,83.815
4/15/19,15:44,83.81,83.87,83.805,83.87
4/15/19,15:45,83.88,83.89,83.86,83.86
4/15/19,15:46,83.85,83.855,83.8,83.8
4/15/19,15:47,83.8,83.83,83.795,83.83
4/15/19,15:48,83.84,83.855,83.82,83.82
4/15/19,15:49,83.82,83.82,83.755,83.77
4/15/19,15:50,83.77,83.775,83.75,83.755
4/15/19,15:51,83.755,83.76,83.73,83.73
4/15/19,15:52,83.735,83.735,83.701,83.71
4/15/19,15:53,83.715,83.82,83.715,83.82
4/15/19,15:54,83.81,83.81,83.79,83.81
4/15/19,15:55,83.82,83.84,83.79,83.84
4/15/19,15:56,83.83,83.835,83.78,83.8
4/15/19,15:57,83.8,83.84,83.8,83.835
4/15/19,15:58,83.835,83.88,83.82,83.855
4/15/19,15:59,83.85,83.91,83.83,83.89
4/16/19,09:30,83.92,84.13,83.92,84.13
4/16/19,09:31,84.02,84.08,83.9,83.9
4/16/19,09:32,84.08,84.08,84.08,84.08
4/16/19,09:33,83.92,83.92,83.75,83.75
4/16/19,09:34,83.87,83.87,83.83,83.83
4/16/19,09:35,83.82,83.94,83.77,83.85
4/16/19,09:36,83.885,83.94,83.885,83.9
4/16/19,09:37,83.89,83.9084,83.82,83.87
4/16/19,09:38,83.87,83.89,83.85,83.86
4/16/19,09:39,83.82,83.925,83.82,83.925
4/16/19,09:40,83.89,83.91,83.84,83.85
4/16/19,09:41,83.815,83.83,83.74,83.74
4/16/19,09:42,83.765,83.765,83.72,83.72
4/16/19,09:43,83.75,83.8,83.75,83.7879
4/16/19,09:44,83.7,83.75,83.7,83.72
4/16/19,09:45,83.77,83.8,83.77,83.8
4/16/19,09:46,83.83,83.85,83.81,83.84
4/16/19,09:47,83.85,83.85,83.85,83.85
4/16/19,09:48,83.87,83.9,83.82,83.82
4/16/19,09:49,83.82,83.84,83.76,83.84
4/16/19,09:50,83.85,83.87,83.77,83.77
4/16/19,09:51,83.82,83.82,83.77,83.82
4/16/19,09:52,83.79,83.79,83.74,83.74
4/16/19,09:53,83.77,83.78,83.74,83.78
4/16/19,09:54,83.78,83.8,83.78,83.8
4/16/19,09:55,83.76,83.76,83.7,83.73
4/16/19,09:56,83.71,83.74,83.71,83.74
4/16/19,09:57,83.71,83.72,83.68,83.68
4/16/19,09:58,83.66,83.75,83.66,83.75
4/16/19,09:59,83.75,83.8,83.73,83.77
4/16/19,10:00,83.8,83.83,83.76,83.76
4/16/19,10:01,83.794,83.83,83.77,83.79
4/16/19,10:03,83.74,83.83,83.74,83.83
4/16/19,10:04,83.84,83.84,83.77,83.82
4/16/19,10:05,83.82,83.93,83.82,83.93
4/16/19,10:06,83.91,83.91,83.885,83.885
4/16/19,10:07,83.87,83.87,83.8,83.8
4/16/19,10:08,83.82,83.82,83.75,83.75
4/16/19,10:09,83.76,83.79,83.74,83.79
4/16/19,10:10,83.8,83.83,83.78,83.795
4/16/19,10:11,83.79,83.81,83.77,83.775
4/16/19,10:12,83.81,83.88,83.81,83.86
4/16/19,10:13,83.86,83.87,83.84,83.85
4/16/19,10:14,83.84,83.87,83.82,83.84
4/16/19,10:15,83.84,83.88,83.84,83.87
4/16/19,10:16,83.82,83.87,83.81,83.85
4/16/19,10:17,83.86,83.88,83.85,83.8582
4/16/19,10:18,83.88,83.88,83.84,83.87
4/16/19,10:19,83.88,83.92,83.85,83.89
4/16/19,10:20,83.9,83.9,83.86,83.9
4/16/19,10:21,83.91,83.98,83.91,83.98
4/16/19,10:22,83.96,84,83.95,83.95
4/16/19,10:23,83.95,83.99,83.95,83.98
4/16/19,10:24,83.95,83.99,83.9076,83.99
4/16/19,10:25,84.02,84.02,83.97,83.97
4/16/19,10:26,83.95,83.95,83.95,83.95
4/16/19,10:28,84.02,84.02,83.97,84
4/16/19,10:29,84.01,84.065,84,84.065
4/16/19,10:30,84.05,84.05,84.01,84.03
4/16/19,10:31,84.04,84.04,84.03,84.03
4/16/19,10:32,84.04,84.04,84.04,84.04
4/16/19,10:33,84.03,84.04,84.01,84.03
4/16/19,10:34,84.04,84.08,84.04,84.07
4/16/19,10:35,84.1,84.1,84.065,84.065
4/16/19,10:36,84.07,84.07,84.01,84.01
4/16/19,10:37,84.01,84.05,84.01,84.03
4/16/19,10:38,84.03,84.055,84.03,84.04
4/16/19,10:39,84.05,84.1,84.05,84.1
4/16/19,10:40,84.09,84.14,84.09,84.14
4/16/19,10:41,84.15,84.16,84.1,84.13
4/16/19,10:42,84.1,84.12,84.07,84.12
4/16/19,10:43,84.11,84.15,84.11,84.15
4/16/19,10:44,84.19,84.2,84.18,84.2
4/16/19,10:45,84.2,84.2,84.14,84.18
4/16/19,10:46,84.18,84.18,84.14,84.16
4/16/19,10:47,84.13,84.17,84.13,84.17
4/16/19,10:48,84.18,84.21,84.18,84.21
4/16/19,10:49,84.19,84.2,84.17,84.2
4/16/19,10:50,84.23,84.23,84.2004,84.21
4/16/19,10:51,84.22,84.22,84.19,84.19
4/16/19,10:52,84.16,84.16,84.14,84.14
4/16/19,10:53,84.16,84.17,84.13,84.14
4/16/19,10:54,84.14,84.14,84.09,84.11
4/16/19,10:55,84.11,84.13,84.09,84.09
4/16/19,10:56,84.09,84.12,84.08,84.08
4/16/19,10:57,84.0866,84.11,84.074,84.1
4/16/19,10:58,84.11,84.11,84.09,84.11
4/16/19,10:59,84.1,84.1,84.03,84.03
4/16/19,11:00,84.02,84.04,84.01,84.01
4/16/19,11:01,84,84.01,83.99,83.99
4/16/19,11:02,84.01,84.01,84,84
4/16/19,11:03,84.02,84.02,84.02,84.02
4/16/19,11:04,84.005,84.005,83.99,83.99
4/16/19,11:05,83.975,83.975,83.95,83.97
4/16/19,11:06,83.95,83.95,83.875,83.875
4/16/19,11:07,83.85,83.86,83.84,83.86
4/16/19,11:08,83.84,83.85,83.83,83.84
4/16/19,11:09,83.83,83.85,83.82,83.825
4/16/19,11:10,83.82,83.83,83.81,83.81
4/16/19,11:11,83.81,83.82,83.795,83.81
4/16/19,11:12,83.8097,83.87,83.8,83.84
4/16/19,11:13,83.82,83.93,83.82,83.93
4/16/19,11:14,83.93,83.95,83.92,83.93
4/16/19,11:15,83.92,83.92,83.89,83.9
4/16/19,11:16,83.93,83.96,83.93,83.95
4/16/19,11:17,83.94,83.95,83.92,83.95
4/16/19,11:18,83.94,83.94,83.92,83.93
4/16/19,11:19,83.98,84.03,83.98,84
4/16/19,11:20,84.01,84.01,84.01,84.01
4/16/19,11:21,84.01,84.02,83.99,83.99
4/16/19,11:22,84,84,83.91,83.91
4/16/19,11:23,83.905,83.905,83.885,83.885
4/16/19,11:24,83.88,83.88,83.87,83.87
4/16/19,11:25,83.88,83.9,83.85,83.89
4/16/19,11:26,83.9,83.95,83.895,83.9397
4/16/19,11:27,83.95,83.95,83.91,83.94
4/16/19,11:28,83.93,83.93,83.89,83.92
4/16/19,11:29,83.9,83.9,83.89,83.89
4/16/19,11:30,83.89,83.96,83.88,83.96
4/16/19,11:31,83.94,84,83.94,83.97
4/16/19,11:32,83.97,84.02,83.97,84.02
4/16/19,11:33,84.03,84.03,84.01,84.01
4/16/19,11:34,83.99,83.99,83.96,83.98
4/16/19,11:35,83.98,84.03,83.98,84.03
4/16/19,11:36,84,84.02,83.985,84.02
4/16/19,11:37,84.02,84.025,84,84
4/16/19,11:38,83.99,84.03,83.99,84.03
4/16/19,11:39,84.002,84.02,83.9964,84.01
4/16/19,11:40,84.01,84.01,84.01,84.01
4/16/19,11:41,84,84.03,84,84.03
4/16/19,11:42,84.04,84.07,84.03,84.07
4/16/19,11:43,84.08,84.09,84.07,84.08
4/16/19,11:44,84.06,84.06,84.03,84.03
4/16/19,11:45,84.04,84.06,84.035,84.05
4/16/19,11:46,84.06,84.06,84.06,84.06
4/16/19,11:47,84.07,84.1,84.055,84.07
4/16/19,11:48,84.06,84.075,84.06,84.075
4/16/19,11:49,84.0715,84.09,84.0715,84.09
4/16/19,11:50,84.08,84.08,84.04,84.04
4/16/19,11:51,84.01,84.01,83.97,84.01
4/16/19,11:52,84.01,84.02,83.97,84
4/16/19,11:53,84,84.01,83.98,83.99
4/16/19,11:54,84,84.03,84,84.03
4/16/19,11:55,84.03,84.05,84.03,84.05
4/16/19,11:56,84.03,84.03,83.97,83.975
4/16/19,11:57,83.94,83.96,83.92,83.93
4/16/19,11:58,83.93,83.97,83.925,83.97
4/16/19,11:59,83.98,83.98,83.91,83.91
4/16/19,12:00,83.94,83.97,83.94,83.94
4/16/19,12:01,83.96,83.98,83.96,83.98
4/16/19,12:02,83.97,83.97,83.92,83.925
4/16/19,12:03,83.93,83.93,83.88,83.91
4/16/19,12:04,83.92,83.94,83.92,83.93
4/16/19,12:05,83.94,83.94,83.93,83.93
4/16/19,12:06,83.92,83.94,83.91,83.93
4/16/19,12:07,83.9,83.915,83.9,83.915
4/16/19,12:08,83.91,83.95,83.91,83.94
4/16/19,12:09,83.95,83.96,83.93,83.93
4/16/19,12:10,83.93,83.94,83.93,83.94
4/16/19,12:11,83.92,83.94,83.92,83.94
4/16/19,12:12,83.94,83.96,83.94,83.95
4/16/19,12:13,83.95,83.95,83.95,83.95
4/16/19,12:14,83.94,83.95,83.92,83.92
4/16/19,12:15,83.93,83.93,83.9,83.9
4/16/19,12:16,83.91,83.91,83.85,83.88
4/16/19,12:17,83.89,83.91,83.875,83.9
4/16/19,12:18,83.89,83.91,83.875,83.89
4/16/19,12:19,83.89,83.89,83.86,83.86
4/16/19,12:20,83.85,83.85,83.8201,83.85
4/16/19,12:21,83.84,83.84,83.825,83.84
4/16/19,12:22,83.81,83.83,83.81,83.83
4/16/19,12:23,83.81,83.82,83.8,83.81
4/16/19,12:24,83.82,83.83,83.81,83.81
4/16/19,12:25,83.81,83.81,83.76,83.76
4/16/19,12:26,83.72,83.78,83.72,83.75
4/16/19,12:27,83.75,83.75,83.68,83.71
4/16/19,12:28,83.715,83.8,83.715,83.795
4/16/19,12:29,83.78,83.79,83.77,83.79
4/16/19,12:30,83.785,83.8,83.785,83.79
4/16/19,12:31,83.82,83.89,83.82,83.89
4/16/19,12:32,83.91,83.96,83.91,83.96
4/16/19,12:33,83.97,83.97,83.92,83.93
4/16/19,12:34,83.94,83.9682,83.94,83.95
4/16/19,12:35,83.96,83.97,83.94,83.97
4/16/19,12:36,83.96,84.02,83.96,84.02
4/16/19,12:37,84,84.01,84,84.005
4/16/19,12:38,83.97,83.99,83.97,83.99
4/16/19,12:39,83.98,84.01,83.955,84.005
4/16/19,12:40,84.01,84.05,84.01,84.05
4/16/19,12:41,84.05,84.06,84.04,84.06
4/16/19,12:42,84.05,84.05,84.04,84.04
4/16/19,12:43,84.04,84.045,84.02,84.0284
4/16/19,12:44,84.028,84.05,84.028,84.04
4/16/19,12:45,84.06,84.06,84.055,84.055
4/16/19,12:46,84.04,84.06,84.04,84.05
4/16/19,12:47,84.05,84.07,84.02,84.02
4/16/19,12:48,84.04,84.08,84.04,84.06
4/16/19,12:49,84.05,84.1,84.05,84.05
4/16/19,12:50,84.05,84.08,84.05,84.055
4/16/19,12:51,84.04,84.0533,84.03,84.03
4/16/19,12:52,84.02,84.03,84,84.03
4/16/19,12:53,84.04,84.06,84.01,84.01
4/16/19,12:54,84.015,84.015,84.015,84.015
4/16/19,12:55,84.04,84.05,84.04,84.05
4/16/19,12:56,84.0421,84.045,84.03,84.045
4/16/19,12:57,84.03,84.03,84.01,84.0256
4/16/19,12:58,84.02,84.02,84.02,84.02
4/16/19,12:59,84.0375,84.0375,84.02,84.02
4/16/19,13:00,84.0375,84.055,84.035,84.055
4/16/19,13:01,84.02,84.04,84.02,84.04
4/16/19,13:02,84,84.02,83.99,83.99
4/16/19,13:04,84.01,84.01,83.97,83.99
4/16/19,13:05,83.95,83.96,83.95,83.96
4/16/19,13:06,83.92,83.95,83.92,83.95
4/16/19,13:07,83.947,83.947,83.8601,83.89
4/16/19,13:08,83.91,83.92,83.88,83.92
4/16/19,13:09,83.9,83.9,83.9,83.9
4/16/19,13:10,83.92,83.94,83.92,83.94
4/16/19,13:11,83.91,83.95,83.91,83.95
4/16/19,13:12,83.94,83.94,83.92,83.94
4/16/19,13:13,83.94,83.96,83.93,83.93
4/16/19,13:14,83.95,83.95,83.95,83.95
4/16/19,13:15,83.95,83.96,83.94,83.95
4/16/19,13:16,83.945,83.95,83.93,83.95
4/16/19,13:17,83.97,83.97,83.97,83.97
4/16/19,13:18,83.94,83.94,83.94,83.94
4/16/19,13:19,83.935,83.9425,83.92,83.92
4/16/19,13:20,83.93,83.94,83.93,83.935
4/16/19,13:21,83.94,83.94,83.94,83.94
4/16/19,13:22,83.95,83.95,83.9288,83.9288
4/16/19,13:23,83.96,83.96,83.96,83.96
4/16/19,13:24,83.96,83.96,83.96,83.96
4/16/19,13:25,83.96,83.96,83.96,83.96
4/16/19,13:26,83.94,83.95,83.94,83.945
4/16/19,13:27,83.94,83.94,83.94,83.94
4/16/19,13:28,83.94,83.95,83.93,83.93
4/16/19,13:29,83.94,83.94,83.93,83.935
4/16/19,13:30,83.95,83.95,83.95,83.95
4/16/19,13:31,83.92,83.92,83.91,83.91
4/16/19,13:32,83.91,83.91,83.89,83.89
4/16/19,13:33,83.87,83.9,83.87,83.9
4/16/19,13:34,83.91,83.92,83.901,83.92
4/16/19,13:35,83.91,83.93,83.91,83.92
4/16/19,13:36,83.93,83.94,83.93,83.94
4/16/19,13:37,83.93,83.94,83.93,83.93
4/16/19,13:38,83.93,83.93,83.93,83.93
4/16/19,13:39,83.92,83.92,83.87,83.87
4/16/19,13:40,83.88,83.9,83.88,83.9
4/16/19,13:41,83.9,83.9,83.89,83.89
4/16/19,13:42,83.89,83.89,83.83,83.83
4/16/19,13:43,83.85,83.86,83.84,83.86
4/16/19,13:45,83.84,83.85,83.84,83.85
4/16/19,13:46,83.85,83.88,83.85,83.88
4/16/19,13:47,83.87,83.87,83.87,83.87
4/16/19,13:48,83.88,83.88,83.87,83.87
4/16/19,13:49,83.87,83.89,83.87,83.88
4/16/19,13:50,83.87,83.88,83.87,83.88
4/16/19,13:51,83.87,83.88,83.83,83.8397
4/16/19,13:52,83.81,83.81,83.79,83.805
4/16/19,13:53,83.795,83.82,83.78,83.82
4/16/19,13:54,83.8,83.8,83.78,83.79
4/16/19,13:55,83.79,83.79,83.76,83.79
4/16/19,13:56,83.7764,83.7764,83.76,83.77
4/16/19,13:57,83.75,83.77,83.75,83.77
4/16/19,13:58,83.76,83.76,83.76,83.76
4/16/19,13:59,83.74,83.76,83.74,83.76
4/16/19,14:00,83.77,83.77,83.77,83.77
4/16/19,14:01,83.76,83.77,83.76,83.77
4/16/19,14:02,83.75,83.77,83.74,83.755
4/16/19,14:03,83.7545,83.7545,83.7545,83.7545
4/16/19,14:04,83.76,83.76,83.76,83.76
4/16/19,14:05,83.76,83.77,83.75,83.76
4/16/19,14:06,83.755,83.76,83.7523,83.7575
4/16/19,14:07,83.75,83.75,83.74,83.75
4/16/19,14:08,83.76,83.77,83.76,83.77
4/16/19,14:09,83.75,83.75,83.75,83.75
4/16/19,14:10,83.74,83.75,83.72,83.745
4/16/19,14:11,83.75,83.77,83.75,83.76
4/16/19,14:12,83.765,83.78,83.765,83.78
4/16/19,14:13,83.77,83.78,83.74,83.74
4/16/19,14:14,83.755,83.79,83.755,83.79
4/16/19,14:15,83.79,83.79,83.78,83.78
4/16/19,14:16,83.79,83.8,83.7741,83.8
4/16/19,14:17,83.82,83.82,83.82,83.82
4/16/19,14:18,83.82,83.82,83.79,83.79
4/16/19,14:19,83.79,83.79,83.78,83.79
4/16/19,14:20,83.77,83.78,83.76,83.78
4/16/19,14:21,83.77,83.779,83.77,83.77
4/16/19,14:22,83.77,83.79,83.77,83.78
4/16/19,14:23,83.78,83.81,83.78,83.81
4/16/19,14:24,83.82,83.82,83.79,83.81
4/16/19,14:25,83.79,83.8,83.7809,83.783
4/16/19,14:26,83.7865,83.8,83.7865,83.8
4/16/19,14:27,83.7975,83.7975,83.76,83.76
4/16/19,14:28,83.76,83.78,83.76,83.7675
4/16/19,14:30,83.77,83.77,83.77,83.77
4/16/19,14:31,83.79,83.79,83.77,83.77
4/16/19,14:32,83.77,83.77,83.74,83.74
4/16/19,14:33,83.7265,83.76,83.7265,83.74
4/16/19,14:34,83.73,83.74,83.73,83.73
4/16/19,14:35,83.73,83.73,83.71,83.715
4/16/19,14:36,83.71,83.71,83.7,83.7
4/16/19,14:37,83.69,83.69,83.69,83.69
4/16/19,14:38,83.7,83.71,83.7,83.71
4/16/19,14:39,83.72,83.72,83.7,83.7
4/16/19,14:40,83.71,83.78,83.7,83.76
4/16/19,14:41,83.775,83.775,83.7701,83.7701
4/16/19,14:42,83.78,83.79,83.78,83.7875
4/16/19,14:43,83.79,83.8,83.78,83.78
4/16/19,14:44,83.78,83.78,83.78,83.78
4/16/19,14:45,83.78,83.78,83.78,83.78
4/16/19,14:46,83.78,83.785,83.78,83.78
4/16/19,14:48,83.77,83.77,83.75,83.765
4/16/19,14:49,83.745,83.745,83.73,83.73
4/16/19,14:50,83.74,83.76,83.72,83.76
4/16/19,14:51,83.755,83.755,83.75,83.75
4/16/19,14:52,83.765,83.765,83.75,83.75
4/16/19,14:53,83.75,83.76,83.75,83.75
4/16/19,14:54,83.74,83.755,83.74,83.755
4/16/19,14:55,83.76,83.76,83.75,83.75
4/16/19,14:56,83.76,83.78,83.76,83.76
4/16/19,14:57,83.7501,83.76,83.74,83.74
4/16/19,14:58,83.73,83.73,83.7,83.7
4/16/19,14:59,83.7,83.7,83.68,83.7
4/16/19,15:00,83.7,83.7,83.68,83.68
4/16/19,15:01,83.69,83.69,83.64,83.64
4/16/19,15:02,83.65,83.66,83.61,83.61
4/16/19,15:03,83.61,83.625,83.61,83.6194
4/16/19,15:04,83.62,83.64,83.61,83.61
4/16/19,15:05,83.62,83.63,83.62,83.63
4/16/19,15:06,83.62,83.63,83.62,83.625
4/16/19,15:07,83.62,83.64,83.61,83.64
4/16/19,15:08,83.61,83.61,83.61,83.61
4/16/19,15:09,83.63,83.63,83.61,83.61
4/16/19,15:10,83.62,83.62,83.6,83.62
4/16/19,15:11,83.62,83.64,83.605,83.64
4/16/19,15:12,83.64,83.64,83.62,83.62
4/16/19,15:13,83.62,83.63,83.62,83.62
4/16/19,15:14,83.63,83.64,83.63,83.64
4/16/19,15:15,83.64,83.69,83.64,83.69
4/16/19,15:16,83.7,83.7,83.7,83.7
4/16/19,15:17,83.73,83.73,83.715,83.72
4/16/19,15:18,83.73,83.73,83.72,83.72
4/16/19,15:19,83.73,83.74,83.72,83.72
4/16/19,15:20,83.71,83.71,83.71,83.71
4/16/19,15:21,83.7,83.72,83.7,83.72
4/16/19,15:22,83.7175,83.74,83.7175,83.74
4/16/19,15:23,83.74,83.75,83.74,83.75
4/16/19,15:24,83.75,83.78,83.75,83.78
4/16/19,15:25,83.79,83.81,83.77,83.78
4/16/19,15:26,83.77,83.78,83.77,83.78
4/16/19,15:27,83.79,83.7981,83.77,83.77
4/16/19,15:28,83.78,83.7875,83.74,83.74
4/16/19,15:29,83.76,83.76,83.72,83.72
4/16/19,15:30,83.7109,83.72,83.7,83.71
4/16/19,15:31,83.715,83.72,83.715,83.72
4/16/19,15:32,83.73,83.74,83.7,83.7
4/16/19,15:33,83.71,83.75,83.71,83.75
4/16/19,15:34,83.75,83.7836,83.75,83.7836
4/16/19,15:35,83.78,83.79,83.77,83.78
4/16/19,15:36,83.78,83.78,83.72,83.73
4/16/19,15:37,83.72,83.72,83.7,83.71
4/16/19,15:38,83.69,83.69,83.67,83.67
4/16/19,15:39,83.67,83.71,83.6659,83.71
4/16/19,15:40,83.71,83.71,83.68,83.685
4/16/19,15:41,83.68,83.685,83.625,83.63
4/16/19,15:42,83.645,83.66,83.645,83.66
4/16/19,15:43,83.66,83.69,83.66,83.685
4/16/19,15:44,83.695,83.7075,83.67,83.67
4/16/19,15:45,83.66,83.675,83.65,83.65
4/16/19,15:46,83.66,83.675,83.655,83.675
4/16/19,15:47,83.68,83.7,83.675,83.7
4/16/19,15:48,83.7,83.715,83.69,83.69
4/16/19,15:49,83.695,83.7,83.65,83.66
4/16/19,15:50,83.65,83.67,83.63,83.67
4/16/19,15:51,83.66,83.66,83.63,83.64
4/16/19,15:52,83.635,83.635,83.59,83.59
4/16/19,15:53,83.59,83.6,83.555,83.59
4/16/19,15:54,83.58,83.6,83.575,83.6
4/16/19,15:55,83.59,83.65,83.585,83.64
4/16/19,15:56,83.65,83.72,83.645,83.71
4/16/19,15:57,83.71,83.73,83.68,83.72
4/16/19,15:58,83.72,83.72,83.61,83.62
4/16/19,15:59,83.63,83.64,83.53,83.57