day,time,open,high,low,close
2019.11.20,09:30,22.84,22.84,22.795,22.795
2019.11.20,09:31,22.81,22.83,22.79,22.82
2019.11.20,09:32,22.82,22.82,22.81,22.82
2019.11.20,09:33,22.81,22.84,22.81,22.84
2019.11.20,09:34,22.835,22.87,22.83,22.86
2019.11.20,09:35,22.85,22.895,22.85,22.88
2019.11.20,09:36,22.9,22.905,22.9,22.9
2019.11.20,09:37,22.9,22.91,22.9,22.91
2019.11.20,09:38,22.935,22.935,22.93,22.935
2019.11.20,09:39,22.935,22.94,22.92,22.94
2019.11.20,09:40,22.9368,22.94,22.93,22.935
2019.11.20,09:41,22.945,22.95,22.94,22.945
2019.11.20,09:42,22.945,22.95,22.94,22.94
2019.11.20,09:43,22.95,22.97,22.95,22.95
2019.11.20,09:44,22.95,22.955,22.95,22.955
2019.11.20,09:45,22.97,22.97,22.96,22.96
2019.11.20,09:46,22.96,22.97,22.96,22.96
2019.11.20,09:47,22.96,22.96,22.96,22.96
2019.11.20,09:48,22.96,22.96,22.94,22.94
2019.11.20,09:49,22.94,22.96,22.91,22.93
2019.11.20,09:50,22.9348,22.935,22.9,22.91
2019.11.20,09:51,22.91,22.91,22.9,22.9
2019.11.20,09:52,22.895,22.925,22.895,22.92
2019.11.20,09:53,22.91,22.92,22.91,22.92
2019.11.20,09:54,22.92,22.92,22.92,22.92
2019.11.20,09:55,22.92,22.93,22.92,22.92
2019.11.20,09:56,22.925,22.925,22.92,22.92
2019.11.20,09:57,22.92,22.92,22.92,22.92
2019.11.20,09:58,22.92,22.925,22.915,22.92
2019.11.20,09:59,22.925,22.93,22.925,22.925
2019.11.20,10:00,22.925,22.93,22.905,22.915
2019.11.20,10:01,22.91,22.91,22.895,22.91
2019.11.20,10:02,22.915,22.92,22.91,22.91
2019.11.20,10:03,22.915,22.915,22.915,22.915
2019.11.20,10:04,22.92,22.925,22.92,22.92
2019.11.20,10:05,22.92,22.93,22.91,22.91
2019.11.20,10:06,22.91,22.915,22.91,22.915
2019.11.20,10:07,22.91,22.91,22.905,22.905
2019.11.20,10:08,22.905,22.905,22.905,22.905
2019.11.20,10:09,22.905,22.905,22.9039,22.905
2019.11.20,10:10,22.905,22.91,22.89,22.9
2019.11.20,10:11,22.895,22.895,22.89,22.89
2019.11.20,10:12,22.89,22.9,22.885,22.9
2019.11.20,10:13,22.895,22.905,22.89,22.89
2019.11.20,10:14,22.895,22.895,22.885,22.885
2019.11.20,10:15,22.89,22.9,22.89,22.89
2019.11.20,10:16,22.885,22.885,22.88,22.88
2019.11.20,10:17,22.88,22.88,22.88,22.88
2019.11.20,10:18,22.88,22.885,22.88,22.885
2019.11.20,10:19,22.88,22.88,22.88,22.88
2019.11.20,10:20,22.89,22.89,22.89,22.89
2019.11.20,10:21,22.89,22.895,22.88,22.88
2019.11.20,10:23,22.875,22.88,22.86,22.86
2019.11.20,10:24,22.87,22.89,22.87,22.89
2019.11.20,10:25,22.895,22.905,22.89,22.89
2019.11.20,10:26,22.885,22.89,22.885,22.89
2019.11.20,10:27,22.89,22.9,22.89,22.9
2019.11.20,10:28,22.9,22.91,22.89,22.9
2019.11.20,10:29,22.9,22.9,22.9,22.9
2019.11.20,10:30,22.905,22.91,22.9,22.9
2019.11.20,10:31,22.905,22.905,22.905,22.905
2019.11.20,10:32,22.905,22.905,22.9,22.9
2019.11.20,10:33,22.9075,22.91,22.9075,22.91
2019.11.20,10:34,22.905,22.91,22.9,22.9
2019.11.20,10:35,22.905,22.905,22.9,22.9
2019.11.20,10:36,22.91,22.91,22.88,22.89
2019.11.20,10:37,22.89,22.89,22.89,22.89
2019.11.20,10:38,22.885,22.895,22.885,22.89
2019.11.20,10:39,22.895,22.895,22.895,22.895
2019.11.20,10:40,22.9,22.9,22.89,22.89
2019.11.20,10:41,22.89,22.89,22.88,22.89
2019.11.20,10:42,22.89,22.9,22.89,22.89
2019.11.20,10:43,22.9,22.905,22.9,22.905
2019.11.20,10:44,22.905,22.905,22.905,22.905
2019.11.20,10:47,22.905,22.905,22.905,22.905
2019.11.20,10:48,22.905,22.91,22.905,22.905
2019.11.20,10:49,22.9,22.91,22.9,22.91
2019.11.20,10:50,22.905,22.91,22.905,22.905
2019.11.20,10:51,22.905,22.905,22.9,22.9
2019.11.20,10:52,22.905,22.91,22.905,22.905
2019.11.20,10:53,22.91,22.91,22.9,22.9
2019.11.20,10:54,22.9,22.905,22.9,22.905
2019.11.20,10:55,22.9,22.905,22.9,22.9
2019.11.20,10:56,22.9,22.9,22.9,22.9
2019.11.20,10:57,22.9,22.9,22.9,22.9
2019.11.20,10:58,22.895,22.895,22.895,22.895
2019.11.20,11:00,22.9,22.91,22.9,22.9
2019.11.20,11:01,22.9,22.905,22.9,22.9
2019.11.20,11:02,22.9,22.9,22.9,22.9
2019.11.20,11:03,22.9,22.91,22.9,22.9
2019.11.20,11:04,22.9,22.9,22.86,22.87
2019.11.20,11:05,22.88,22.88,22.88,22.88
2019.11.20,11:06,22.87,22.895,22.87,22.895
2019.11.20,11:07,22.895,22.895,22.89,22.89
2019.11.20,11:08,22.89,22.9,22.89,22.9
2019.11.20,11:10,22.895,22.9,22.89,22.895
2019.11.20,11:11,22.9,22.91,22.9,22.905
2019.11.20,11:12,22.9,22.905,22.89,22.89
2019.11.20,11:13,22.89,22.89,22.88,22.885
2019.11.20,11:14,22.89,22.91,22.89,22.91
2019.11.20,11:15,22.9,22.91,22.9,22.905
2019.11.20,11:17,22.905,22.91,22.9,22.905
2019.11.20,11:18,22.905,22.91,22.895,22.895
2019.11.20,11:19,22.9,22.9,22.9,22.9
2019.11.20,11:20,22.9,22.91,22.9,22.91
2019.11.20,11:21,22.91,22.91,22.905,22.905
2019.11.20,11:22,22.91,22.91,22.9,22.9
2019.11.20,11:23,22.91,22.91,22.905,22.905
2019.11.20,11:24,22.905,22.91,22.905,22.905
2019.11.20,11:25,22.905,22.905,22.905,22.905
2019.11.20,11:26,22.905,22.91,22.9,22.9
2019.11.20,11:27,22.91,22.91,22.9,22.9
2019.11.20,11:28,22.9,22.9,22.9,22.9
2019.11.20,11:29,22.905,22.91,22.9,22.9
2019.11.20,11:30,22.9,22.9,22.89,22.895
2019.11.20,11:31,22.895,22.895,22.893,22.893
2019.11.20,11:32,22.895,22.895,22.89,22.895
2019.11.20,11:33,22.895,22.895,22.895,22.895
2019.11.20,11:34,22.9,22.9,22.89,22.895
2019.11.20,11:36,22.89,22.895,22.89,22.895
2019.11.20,11:37,22.895,22.9,22.89,22.89
2019.11.20,11:39,22.89,22.9,22.89,22.9
2019.11.20,11:40,22.895,22.895,22.89,22.895
2019.11.20,11:41,22.89,22.895,22.89,22.895
2019.11.20,11:43,22.893,22.9,22.893,22.9
2019.11.20,11:45,22.895,22.895,22.895,22.895
2019.11.20,11:46,22.89,22.9,22.89,22.9
2019.11.20,11:47,22.9,22.9,22.895,22.895
2019.11.20,11:48,22.9,22.905,22.9,22.905
2019.11.20,11:49,22.9,22.905,22.9,22.9
2019.11.20,11:50,22.9,22.9,22.9,22.9
2019.11.20,11:51,22.905,22.905,22.905,22.905
2019.11.20,11:52,22.91,22.91,22.91,22.91
2019.11.20,11:53,22.92,22.925,22.92,22.92
2019.11.20,11:54,22.92,22.92,22.91,22.92
2019.11.20,11:55,22.91,22.915,22.91,22.91
2019.11.20,11:56,22.915,22.915,22.915,22.915
2019.11.20,11:57,22.92,22.92,22.92,22.92
2019.11.20,11:58,22.915,22.915,22.9,22.9
2019.11.20,11:59,22.905,22.91,22.9,22.905
2019.11.20,12:00,22.9,22.9,22.9,22.9
2019.11.20,12:01,22.9,22.9,22.895,22.895
2019.11.20,12:02,22.895,22.895,22.89,22.89
2019.11.20,12:03,22.9,22.9,22.895,22.9
2019.11.20,12:07,22.895,22.895,22.895,22.895
2019.11.20,12:08,22.895,22.895,22.895,22.895
2019.11.20,12:10,22.9,22.9,22.9,22.9
2019.11.20,12:12,22.89,22.895,22.89,22.895
2019.11.20,12:14,22.89,22.895,22.89,22.895
2019.11.20,12:15,22.895,22.895,22.895,22.895
2019.11.20,12:16,22.8958,22.91,22.8958,22.91
2019.11.20,12:19,22.91,22.91,22.91,22.91
2019.11.20,12:20,22.9,22.9,22.9,22.9
2019.11.20,12:24,22.9,22.905,22.88,22.89
2019.11.20,12:25,22.9,22.9,22.89,22.89
2019.11.20,12:26,22.9,22.9,22.9,22.9
2019.11.20,12:27,22.9,22.9,22.9,22.9
2019.11.20,12:28,22.89,22.895,22.89,22.895
2019.11.20,12:29,22.895,22.895,22.895,22.895
2019.11.20,12:30,22.895,22.9,22.895,22.9
2019.11.20,12:33,22.895,22.895,22.895,22.895
2019.11.20,12:35,22.9,22.905,22.9,22.9
2019.11.20,12:37,22.895,22.9,22.895,22.9
2019.11.20,12:38,22.895,22.895,22.895,22.895
2019.11.20,12:41,22.89,22.895,22.89,22.89
2019.11.20,12:42,22.9,22.9,22.885,22.885
2019.11.20,12:44,22.89,22.895,22.89,22.895
2019.11.20,12:46,22.89,22.895,22.89,22.89
2019.11.20,12:47,22.89,22.895,22.88,22.88
2019.11.20,12:48,22.88,22.885,22.86,22.86
2019.11.20,12:51,22.86,22.865,22.86,22.865
2019.11.20,12:52,22.86,22.86,22.85,22.855
2019.11.20,12:53,22.855,22.855,22.835,22.835
2019.11.20,12:55,22.83,22.83,22.805,22.805
2019.11.20,12:56,22.8,22.8,22.76,22.765
2019.11.20,12:57,22.75,22.75,22.74,22.745
2019.11.20,12:58,22.74,22.74,22.74,22.74
2019.11.20,12:59,22.745,22.7475,22.74,22.7475
2019.11.20,13:00,22.745,22.745,22.74,22.74
2019.11.20,13:01,22.735,22.735,22.73,22.73
2019.11.20,13:02,22.73,22.73,22.715,22.72
2019.11.20,13:03,22.73,22.73,22.73,22.73
2019.11.20,13:04,22.755,22.755,22.755,22.755
2019.11.20,13:05,22.75,22.75,22.75,22.75
2019.11.20,13:06,22.76,22.77,22.76,22.77
2019.11.20,13:07,22.76,22.76,22.75,22.75
2019.11.20,13:08,22.7582,22.7582,22.74,22.745
2019.11.20,13:09,22.75,22.76,22.75,22.75
2019.11.20,13:10,22.745,22.745,22.72,22.72
2019.11.20,13:11,22.72,22.725,22.72,22.725
2019.11.20,13:12,22.72,22.745,22.72,22.745
2019.11.20,13:13,22.745,22.75,22.745,22.75
2019.11.20,13:14,22.75,22.75,22.75,22.75
2019.11.20,13:15,22.76,22.76,22.75,22.75
2019.11.20,13:16,22.74,22.745,22.73,22.73
2019.11.20,13:17,22.74,22.745,22.74,22.745
2019.11.20,13:18,22.75,22.76,22.75,22.76
2019.11.20,13:19,22.765,22.78,22.765,22.78
2019.11.20,13:20,22.785,22.8,22.785,22.79
2019.11.20,13:22,22.79,22.8,22.79,22.8
2019.11.20,13:23,22.795,22.81,22.795,22.81
2019.11.20,13:24,22.8,22.8,22.795,22.8
2019.11.20,13:25,22.8,22.8,22.8,22.8
2019.11.20,13:26,22.81,22.82,22.81,22.82
2019.11.20,13:27,22.82,22.83,22.82,22.83
2019.11.20,13:28,22.82,22.82,22.82,22.82
2019.11.20,13:29,22.83,22.83,22.83,22.83
2019.11.20,13:30,22.82,22.82,22.815,22.815
2019.11.20,13:31,22.815,22.815,22.815,22.815
2019.11.20,13:32,22.81,22.81,22.81,22.81
2019.11.20,13:33,22.815,22.815,22.81,22.81
2019.11.20,13:34,22.82,22.82,22.82,22.82
2019.11.20,13:35,22.83,22.83,22.83,22.83
2019.11.20,13:36,22.825,22.83,22.82,22.83
2019.11.20,13:37,22.83,22.83,22.83,22.83
2019.11.20,13:38,22.835,22.84,22.83,22.835
2019.11.20,13:39,22.83,22.83,22.82,22.82
2019.11.20,13:40,22.81,22.81,22.81,22.81
2019.11.20,13:41,22.81,22.81,22.8,22.81
2019.11.20,13:42,22.8,22.81,22.8,22.81
2019.11.20,13:43,22.82,22.82,22.815,22.82
2019.11.20,13:44,22.83,22.83,22.83,22.83
2019.11.20,13:45,22.8242,22.8242,22.8242,22.8242
2019.11.20,13:46,22.825,22.84,22.825,22.84
2019.11.20,13:47,22.83,22.83,22.83,22.83
2019.11.20,13:49,22.83,22.83,22.825,22.825
2019.11.20,13:50,22.83,22.83,22.83,22.83
2019.11.20,13:51,22.84,22.84,22.84,22.84
2019.11.20,13:52,22.84,22.87,22.84,22.87
2019.11.20,13:53,22.88,22.885,22.88,22.885
2019.11.20,13:54,22.88,22.8852,22.88,22.8852
2019.11.20,13:55,22.89,22.89,22.89,22.89
2019.11.20,13:56,22.89,22.89,22.87,22.87
2019.11.20,13:59,22.865,22.865,22.865,22.865
2019.11.20,14:00,22.87,22.87,22.87,22.87
2019.11.20,14:02,22.88,22.89,22.86,22.86
2019.11.20,14:03,22.86,22.86,22.86,22.86
2019.11.20,14:04,22.87,22.87,22.865,22.87
2019.11.20,14:05,22.87,22.87,22.87,22.87
2019.11.20,14:06,22.875,22.875,22.87,22.87
2019.11.20,14:07,22.86,22.86,22.86,22.86
2019.11.20,14:08,22.86,22.86,22.86,22.86
2019.11.20,14:10,22.86,22.87,22.86,22.87
2019.11.20,14:11,22.87,22.87,22.87,22.87
2019.11.20,14:13,22.87,22.87,22.87,22.87
2019.11.20,14:14,22.86,22.86,22.845,22.85
2019.11.20,14:16,22.85,22.86,22.85,22.85
2019.11.20,14:17,22.85,22.85,22.85,22.85
2019.11.20,14:18,22.845,22.855,22.845,22.85
2019.11.20,14:20,22.86,22.86,22.85,22.85
2019.11.20,14:21,22.85,22.85,22.845,22.85
2019.11.20,14:22,22.84,22.85,22.84,22.84
2019.11.20,14:24,22.83,22.83,22.82,22.82
2019.11.20,14:25,22.8144,22.815,22.81,22.815
2019.11.20,14:26,22.81,22.82,22.81,22.82
2019.11.20,14:27,22.82,22.82,22.81,22.815
2019.11.20,14:30,22.81,22.81,22.795,22.8
2019.11.20,14:31,22.8,22.8,22.8,22.8
2019.11.20,14:32,22.8,22.8,22.79,22.79
2019.11.20,14:33,22.79,22.79,22.785,22.79
2019.11.20,14:34,22.79,22.79,22.79,22.79
2019.11.20,14:35,22.79,22.79,22.785,22.79
2019.11.20,14:36,22.785,22.79,22.785,22.79
2019.11.20,14:37,22.79,22.79,22.79,22.79
2019.11.20,14:38,22.79,22.79,22.77,22.77
2019.11.20,14:39,22.76,22.76,22.76,22.76
2019.11.20,14:40,22.77,22.77,22.77,22.77
2019.11.20,14:42,22.77,22.77,22.765,22.765
2019.11.20,14:43,22.77,22.825,22.765,22.82
2019.11.20,14:44,22.82,22.83,22.8,22.83
2019.11.20,14:45,22.84,22.84,22.84,22.84
2019.11.20,14:47,22.83,22.83,22.83,22.83
2019.11.20,14:50,22.84,22.84,22.84,22.84
2019.11.20,14:51,22.84,22.84,22.84,22.84
2019.11.20,14:52,22.84,22.84,22.82,22.825
2019.11.20,14:53,22.83,22.83,22.83,22.83
2019.11.20,14:54,22.825,22.85,22.825,22.85
2019.11.20,14:55,22.85,22.86,22.85,22.86
2019.11.20,14:56,22.86,22.86,22.86,22.86
2019.11.20,14:58,22.85,22.86,22.84,22.855
2019.11.20,14:59,22.85,22.85,22.84,22.84
2019.11.20,15:00,22.84,22.84,22.84,22.84
2019.11.20,15:02,22.845,22.845,22.82,22.845
2019.11.20,15:03,22.84,22.84,22.83,22.84
2019.11.20,15:04,22.85,22.85,22.84,22.84
2019.11.20,15:05,22.84,22.845,22.83,22.83
2019.11.20,15:07,22.83,22.83,22.83,22.83
2019.11.20,15:08,22.84,22.84,22.84,22.84
2019.11.20,15:09,22.84,22.84,22.84,22.84
2019.11.20,15:10,22.8375,22.8375,22.8375,22.8375
2019.11.20,15:12,22.84,22.85,22.84,22.85
2019.11.20,15:13,22.85,22.855,22.85,22.85
2019.11.20,15:14,22.84,22.84,22.84,22.84
2019.11.20,15:15,22.85,22.85,22.85,22.85
2019.11.20,15:17,22.845,22.845,22.845,22.845
2019.11.20,15:18,22.8475,22.85,22.8475,22.85
2019.11.20,15:19,22.845,22.845,22.84,22.845
2019.11.20,15:23,22.85,22.85,22.85,22.85
2019.11.20,15:24,22.8458,22.8458,22.8458,22.8458
2019.11.20,15:25,22.85,22.85,22.8475,22.85
2019.11.20,15:26,22.86,22.86,22.85,22.85
2019.11.20,15:27,22.85,22.85,22.85,22.85
2019.11.20,15:28,22.85,22.855,22.85,22.855
2019.11.20,15:29,22.85,22.85,22.85,22.85
2019.11.20,15:31,22.845,22.85,22.845,22.85
2019.11.20,15:33,22.8444,22.845,22.8444,22.845
2019.11.20,15:34,22.845,22.845,22.845,22.845
2019.11.20,15:35,22.85,22.85,22.85,22.85
2019.11.20,15:36,22.85,22.855,22.84,22.84
2019.11.20,15:37,22.84,22.84,22.84,22.84
2019.11.20,15:38,22.85,22.855,22.85,22.855
2019.11.20,15:39,22.85,22.87,22.85,22.87
2019.11.20,15:40,22.87,22.87,22.865,22.87
2019.11.20,15:41,22.86,22.87,22.86,22.865
2019.11.20,15:42,22.86,22.87,22.86,22.865
2019.11.20,15:43,22.86,22.88,22.86,22.88
2019.11.20,15:44,22.88,22.88,22.87,22.875
2019.11.20,15:45,22.875,22.875,22.87,22.875
2019.11.20,15:46,22.87,22.875,22.87,22.87
2019.11.20,15:47,22.88,22.88,22.87,22.875
2019.11.20,15:48,22.87,22.875,22.87,22.875
2019.11.20,15:49,22.87,22.88,22.87,22.88
2019.11.20,15:50,22.875,22.88,22.87,22.875
2019.11.20,15:51,22.875,22.88,22.875,22.8795
2019.11.20,15:52,22.8795,22.88,22.875,22.88
2019.11.20,15:53,22.88,22.895,22.875,22.895
2019.11.20,15:54,22.9,22.9,22.89,22.895
2019.11.20,15:55,22.9,22.925,22.895,22.915
2019.11.20,15:56,22.915,22.93,22.89,22.89
2019.11.20,15:57,22.895,22.9,22.895,22.9
2019.11.20,15:58,22.9,22.9,22.89,22.895
2019.11.20,15:59,22.89,22.91,22.89,22.91
2019.11.21,09:30,22.99,22.99,22.96,22.96
2019.11.21,09:31,22.95,22.955,22.91,22.91
2019.11.21,09:32,22.9,22.92,22.9,22.91
2019.11.21,09:33,22.9,22.9,22.8862,22.89
2019.11.21,09:34,22.89,22.92,22.89,22.92
2019.11.21,09:35,22.92,22.965,22.92,22.96
2019.11.21,09:36,22.96,22.975,22.96,22.975
2019.11.21,09:37,22.975,22.98,22.93,22.95
2019.11.21,09:38,22.965,22.97,22.96,22.965
2019.11.21,09:39,22.96,22.97,22.96,22.97
2019.11.21,09:40,22.965,22.97,22.95,22.97
2019.11.21,09:41,22.96,22.975,22.96,22.97
2019.11.21,09:42,22.97,23.01,22.97,23.01
2019.11.21,09:43,23.015,23.02,22.97,22.99
2019.11.21,09:44,22.98,23,22.965,23
2019.11.21,09:45,23.01,23.02,23.01,23.01
2019.11.21,09:46,23.015,23.02,23,23.01
2019.11.21,09:47,23.01,23.015,23.01,23.01
2019.11.21,09:48,23.01,23.02,23,23.01
2019.11.21,09:49,23.01,23.02,23.01,23.01
2019.11.21,09:50,23.01,23.02,23.01,23.015
2019.11.21,09:51,23.01,23.06,23.01,23.0525
2019.11.21,09:52,23.055,23.055,23.04,23.045
2019.11.21,09:53,23.04,23.04,23.02,23.02
2019.11.21,09:54,23.03,23.03,23.015,23.015
2019.11.21,09:55,23.01,23.02,23.01,23.02
2019.11.21,09:56,23.02,23.03,23.02,23.03
2019.11.21,09:57,23.03,23.04,23.02,23.02
2019.11.21,09:58,23.02,23.035,23.02,23.03
2019.11.21,09:59,23.03,23.05,23.03,23.05
2019.11.21,10:00,23.05,23.07,23.05,23.05
2019.11.21,10:01,23.05,23.05,23.05,23.05
2019.11.21,10:02,23.05,23.07,23.05,23.05
2019.11.21,10:03,23.05,23.055,23.05,23.055
2019.11.21,10:04,23.06,23.06,23.05,23.055
2019.11.21,10:05,23.05,23.06,23.05,23.05
2019.11.21,10:06,23.05,23.07,23.04,23.0633
2019.11.21,10:07,23.06,23.06,23.05,23.05
2019.11.21,10:09,23.055,23.055,23.055,23.055
2019.11.21,10:10,23.06,23.06,23.055,23.055
2019.11.21,10:11,23.06,23.065,23.05,23.055
2019.11.21,10:12,23.06,23.06,23.05,23.05
2019.11.21,10:13,23.06,23.06,23.05,23.05
2019.11.21,10:14,23.0535,23.06,23.0535,23.06
2019.11.21,10:16,23.055,23.06,23.055,23.06
2019.11.21,10:17,23.05,23.06,23.05,23.06
2019.11.21,10:18,23.055,23.06,23,23
2019.11.21,10:19,22.995,23.06,22.99,23.04
2019.11.21,10:20,23.035,23.055,23.035,23.055
2019.11.21,10:21,23.055,23.06,23.045,23.045
2019.11.21,10:22,23.04,23.06,23.03,23.06
2019.11.21,10:23,23.06,23.06,23.06,23.06
2019.11.21,10:24,23.0635,23.07,23.06,23.07
2019.11.21,10:25,23.07,23.07,23.06,23.07
2019.11.21,10:26,23.065,23.08,23.065,23.08
2019.11.21,10:27,23.09,23.11,23.09,23.11
2019.11.21,10:28,23.11,23.12,23.095,23.12
2019.11.21,10:29,23.115,23.12,23.11,23.12
2019.11.21,10:30,23.13,23.13,23.12,23.12
2019.11.21,10:31,23.12,23.12,23.12,23.12
2019.11.21,10:32,23.115,23.12,23.11,23.11
2019.11.21,10:33,23.11,23.12,23.065,23.065
2019.11.21,10:34,23.065,23.11,23.065,23.09
2019.11.21,10:35,23.09,23.1,23.07,23.1
2019.11.21,10:36,23.105,23.105,23.09,23.095
2019.11.21,10:37,23.1,23.11,23.095,23.11
2019.11.21,10:38,23.12,23.12,23.11,23.12
2019.11.21,10:39,23.12,23.12,23.09,23.09
2019.11.21,10:40,23.09,23.1,23.09,23.09
2019.11.21,10:42,23.1,23.11,23.095,23.11
2019.11.21,10:43,23.115,23.12,23.11,23.12
2019.11.21,10:44,23.12,23.14,23.12,23.14
2019.11.21,10:45,23.135,23.14,23.135,23.135
2019.11.21,10:46,23.14,23.16,23.135,23.16
2019.11.21,10:47,23.17,23.17,23.155,23.17
2019.11.21,10:48,23.17,23.17,23.17,23.17
2019.11.21,10:49,23.16,23.16,23.15,23.16
2019.11.21,10:50,23.16,23.16,23.15,23.15
2019.11.21,10:51,23.15,23.15,23.15,23.15
2019.11.21,10:52,23.14,23.14,23.1335,23.1335
2019.11.21,10:53,23.14,23.15,23.14,23.15
2019.11.21,10:54,23.1435,23.1435,23.1435,23.1435
2019.11.21,10:55,23.15,23.16,23.15,23.16
2019.11.21,10:56,23.17,23.17,23.165,23.17
2019.11.21,10:57,23.17,23.185,23.17,23.17
2019.11.21,10:58,23.17,23.17,23.16,23.17
2019.11.21,10:59,23.18,23.18,23.165,23.18
2019.11.21,11:00,23.185,23.2,23.175,23.18
2019.11.21,11:01,23.18,23.2,23.18,23.195
2019.11.21,11:02,23.19,23.19,23.19,23.19
2019.11.21,11:03,23.19,23.21,23.18,23.21
2019.11.21,11:04,23.21,23.22,23.2,23.2
2019.11.21,11:05,23.21,23.21,23.19,23.19
2019.11.21,11:06,23.18,23.18,23.15,23.16
2019.11.21,11:07,23.15,23.1566,23.15,23.15
2019.11.21,11:08,23.15,23.16,23.15,23.15
2019.11.21,11:09,23.14,23.15,23.14,23.15
2019.11.21,11:11,23.15,23.16,23.14,23.15
2019.11.21,11:12,23.14,23.15,23.13,23.14
2019.11.21,11:13,23.14,23.14,23.13,23.13
2019.11.21,11:14,23.13,23.13,23.12,23.12
2019.11.21,11:15,23.11,23.11,23.11,23.11
2019.11.21,11:16,23.11,23.11,23.11,23.11
2019.11.21,11:17,23.11,23.12,23.11,23.12
2019.11.21,11:18,23.12,23.14,23.12,23.13
2019.11.21,11:19,23.13,23.13,23.13,23.13
2019.11.21,11:20,23.12,23.12,23.11,23.1156
2019.11.21,11:21,23.11,23.11,23.11,23.11
2019.11.21,11:22,23.11,23.15,23.11,23.15
2019.11.21,11:23,23.155,23.17,23.155,23.16
2019.11.21,11:24,23.16,23.165,23.15,23.15
2019.11.21,11:25,23.145,23.15,23.13,23.13
2019.11.21,11:26,23.13,23.13,23.13,23.13
2019.11.21,11:27,23.125,23.13,23.12,23.12
2019.11.21,11:28,23.125,23.13,23.125,23.13
2019.11.21,11:29,23.13,23.13,23.1275,23.1275
2019.11.21,11:30,23.125,23.13,23.125,23.13
2019.11.21,11:31,23.13,23.13,23.13,23.13
2019.11.21,11:32,23.125,23.125,23.125,23.125
2019.11.21,11:33,23.125,23.125,23.12,23.12
2019.11.21,11:34,23.11,23.11,23.095,23.095
2019.11.21,11:36,23.091,23.105,23.091,23.105
2019.11.21,11:37,23.1,23.1,23.1,23.1
2019.11.21,11:39,23.09,23.09,23.09,23.09
2019.11.21,11:42,23.09,23.1,23.08,23.08
2019.11.21,11:43,23.09,23.09,23.09,23.09
2019.11.21,11:46,23.1,23.1,23.1,23.1
2019.11.21,11:47,23.1,23.105,23.1,23.105
2019.11.21,11:49,23.11,23.11,23.1,23.1
2019.11.21,11:50,23.1,23.11,23.1,23.11
2019.11.21,11:52,23.11,23.11,23.1029,23.1029
2019.11.21,11:55,23.11,23.11,23.11,23.11
2019.11.21,11:56,23.11,23.12,23.11,23.11
2019.11.21,11:57,23.11,23.11,23.11,23.11
2019.11.21,11:59,23.1,23.1,23.1,23.1
2019.11.21,12:01,23.09,23.1,23.09,23.09
2019.11.21,12:04,23.08,23.09,23.08,23.09
2019.11.21,12:08,23.1,23.1,23.09,23.09
2019.11.21,12:10,23.08,23.1,23.08,23.1
2019.11.21,12:11,23.11,23.11,23.11,23.11
2019.11.21,12:12,23.12,23.12,23.115,23.115
2019.11.21,12:15,23.115,23.115,23.115,23.115
2019.11.21,12:17,23.115,23.115,23.115,23.115
2019.11.21,12:18,23.12,23.12,23.115,23.115
2019.11.21,12:19,23.12,23.12,23.12,23.12
2019.11.21,12:20,23.12,23.12,23.115,23.115
2019.11.21,12:22,23.115,23.115,23.115,23.115
2019.11.21,12:23,23.12,23.12,23.11,23.11
2019.11.21,12:24,23.08,23.08,23.06,23.08
2019.11.21,12:25,23.0762,23.077,23.075,23.075
2019.11.21,12:26,23.08,23.08,23.08,23.08
2019.11.21,12:28,23.08,23.08,23.08,23.08
2019.11.21,12:29,23.08,23.08,23.08,23.08
2019.11.21,12:30,23.07,23.07,23.06,23.06
2019.11.21,12:31,23.07,23.07,23.07,23.07
2019.11.21,12:32,23.07,23.07,23.07,23.07
2019.11.21,12:33,23.08,23.08,23.08,23.08
2019.11.21,12:35,23.09,23.09,23.09,23.09
2019.11.21,12:36,23.0868,23.0868,23.0868,23.0868
2019.11.21,12:37,23.09,23.09,23.09,23.09
2019.11.21,12:38,23.09,23.09,23.09,23.09
2019.11.21,12:39,23.1,23.11,23.1,23.11
2019.11.21,12:41,23.1,23.1,23.1,23.1
2019.11.21,12:43,23.1,23.1,23.08,23.08
2019.11.21,12:45,23.09,23.09,23.09,23.09
2019.11.21,12:47,23.09,23.09,23.09,23.09
2019.11.21,12:48,23.095,23.095,23.095,23.095
2019.11.21,12:50,23.09,23.09,23.09,23.09
2019.11.21,12:51,23.0835,23.0835,23.0835,23.0835
2019.11.21,12:53,23.08,23.08,23.06,23.06
2019.11.21,12:54,23.05,23.06,23.05,23.06
2019.11.21,12:59,23.06,23.06,23.06,23.06
2019.11.21,13:02,23.07,23.085,23.07,23.08
2019.11.21,13:03,23.08,23.08,23.06,23.06
2019.11.21,13:09,23.065,23.065,23.06,23.06
2019.11.21,13:11,23.06,23.06,23.06,23.06
2019.11.21,13:14,23.055,23.055,23.05,23.05
2019.11.21,13:15,23.05,23.05,23.05,23.05
2019.11.21,13:19,23.07,23.07,23.07,23.07
2019.11.21,13:23,23.06,23.06,23.06,23.06
2019.11.21,13:24,23.06,23.06,23.06,23.06
2019.11.21,13:26,23.05,23.05,23.05,23.05
2019.11.21,13:28,23.06,23.06,23.06,23.06
2019.11.21,13:30,23.05,23.05,23.05,23.05
2019.11.21,13:31,23.045,23.045,23.045,23.045
2019.11.21,13:36,23.045,23.045,23.04,23.04
2019.11.21,13:37,23.05,23.05,23.05,23.05
2019.11.21,13:38,23.05,23.05,23.05,23.05
2019.11.21,13:39,23.05,23.05,23.05,23.05
2019.11.21,13:40,23.06,23.06,23.06,23.06
2019.11.21,13:41,23.07,23.07,23.07,23.07
2019.11.21,13:43,23.07,23.07,23.07,23.07
2019.11.21,13:44,23.065,23.065,23.06,23.065
2019.11.21,13:45,23.0623,23.0623,23.0623,23.0623
2019.11.21,13:47,23.065,23.065,23.065,23.065
2019.11.21,13:48,23.06,23.07,23.05,23.065
2019.11.21,13:50,23.065,23.065,23.065,23.065
2019.11.21,13:53,23.07,23.07,23.07,23.07
2019.11.21,13:54,23.075,23.075,23.075,23.075
2019.11.21,13:55,23.08,23.085,23.08,23.085
2019.11.21,13:56,23.08,23.08,23.08,23.08
2019.11.21,13:57,23.09,23.09,23.09,23.09
2019.11.21,13:58,23.085,23.085,23.07,23.07
2019.11.21,13:59,23.08,23.09,23.08,23.085
2019.11.21,14:01,23.085,23.09,23.085,23.09
2019.11.21,14:04,23.08,23.095,23.08,23.095
2019.11.21,14:05,23.1,23.1,23.09,23.09
2019.11.21,14:06,23.1,23.12,23.1,23.115
2019.11.21,14:07,23.11,23.12,23.11,23.115
2019.11.21,14:08,23.115,23.115,23.11,23.115
2019.11.21,14:09,23.12,23.12,23.115,23.12
2019.11.21,14:12,23.115,23.115,23.115,23.115
2019.11.21,14:13,23.115,23.115,23.11,23.11
2019.11.21,14:14,23.115,23.115,23.115,23.115
2019.11.21,14:15,23.115,23.115,23.115,23.115
2019.11.21,14:16,23.115,23.115,23.115,23.115
2019.11.21,14:19,23.115,23.115,23.115,23.115
2019.11.21,14:20,23.115,23.115,23.115,23.115
2019.11.21,14:21,23.115,23.115,23.085,23.1
2019.11.21,14:22,23.1,23.11,23.1,23.105
2019.11.21,14:24,23.11,23.11,23.11,23.11
2019.11.21,14:26,23.1027,23.11,23.1027,23.11
2019.11.21,14:27,23.115,23.115,23.115,23.115
2019.11.21,14:28,23.12,23.12,23.12,23.12
2019.11.21,14:31,23.12,23.12,23.115,23.115
2019.11.21,14:32,23.115,23.115,23.115,23.115
2019.11.21,14:35,23.12,23.12,23.115,23.115
2019.11.21,14:36,23.12,23.12,23.12,23.12
2019.11.21,14:37,23.115,23.115,23.115,23.115
2019.11.21,14:38,23.115,23.115,23.115,23.115
2019.11.21,14:39,23.12,23.12,23.11,23.11
2019.11.21,14:41,23.12,23.12,23.115,23.115
2019.11.21,14:42,23.12,23.12,23.12,23.12
2019.11.21,14:44,23.115,23.115,23.115,23.115
2019.11.21,14:45,23.12,23.12,23.115,23.115
2019.11.21,14:46,23.12,23.12,23.115,23.115
2019.11.21,14:48,23.115,23.115,23.115,23.115
2019.11.21,14:49,23.115,23.115,23.115,23.115
2019.11.21,14:50,23.12,23.12,23.11,23.11
2019.11.21,14:51,23.1,23.1,23.09,23.095
2019.11.21,14:52,23.095,23.095,23.095,23.095
2019.11.21,14:55,23.095,23.095,23.09,23.095
2019.11.21,14:56,23.09,23.09,23.09,23.09
2019.11.21,14:57,23.0999,23.115,23.0999,23.115
2019.11.21,14:58,23.11,23.11,23.11,23.11
2019.11.21,14:59,23.1,23.11,23.095,23.1
2019.11.21,15:00,23.1,23.1,23.095,23.095
2019.11.21,15:01,23.1,23.1,23.1,23.1
2019.11.21,15:03,23.1,23.11,23.1,23.11
2019.11.21,15:04,23.1,23.11,23.1,23.11
2019.11.21,15:05,23.11,23.12,23.11,23.115
2019.11.21,15:08,23.11,23.11,23.11,23.11
2019.11.21,15:09,23.112,23.12,23.112,23.12
2019.11.21,15:10,23.12,23.12,23.12,23.12
2019.11.21,15:13,23.12,23.12,23.12,23.12
2019.11.21,15:16,23.12,23.12,23.11,23.11
2019.11.21,15:17,23.11,23.11,23.1,23.1
2019.11.21,15:19,23.105,23.105,23.1,23.1
2019.11.21,15:20,23.11,23.11,23.105,23.105
2019.11.21,15:21,23.1,23.1,23.1,23.1
2019.11.21,15:22,23.11,23.11,23.09,23.1
2019.11.21,15:23,23.1,23.1,23.1,23.1
2019.11.21,15:24,23.09,23.11,23.09,23.11
2019.11.21,15:25,23.11,23.11,23.11,23.11
2019.11.21,15:26,23.11,23.11,23.11,23.11
2019.11.21,15:27,23.11,23.11,23.11,23.11
2019.11.21,15:28,23.11,23.115,23.11,23.115
2019.11.21,15:29,23.12,23.12,23.115,23.115
2019.11.21,15:30,23.12,23.135,23.12,23.135
2019.11.21,15:33,23.135,23.135,23.135,23.135
2019.11.21,15:34,23.135,23.135,23.135,23.135
2019.11.21,15:35,23.135,23.14,23.1342,23.135
2019.11.21,15:36,23.14,23.15,23.14,23.15
2019.11.21,15:37,23.145,23.15,23.145,23.145
2019.11.21,15:38,23.15,23.17,23.15,23.16
2019.11.21,15:39,23.16,23.18,23.16,23.18
2019.11.21,15:40,23.17,23.17,23.165,23.165
2019.11.21,15:41,23.17,23.18,23.17,23.18
2019.11.21,15:42,23.19,23.2,23.19,23.19
2019.11.21,15:43,23.2,23.22,23.2,23.21
2019.11.21,15:45,23.205,23.205,23.2,23.205
2019.11.21,15:46,23.2,23.2,23.2,23.2
2019.11.21,15:47,23.2,23.21,23.2,23.2
2019.11.21,15:48,23.205,23.205,23.2,23.2
2019.11.21,15:49,23.205,23.205,23.205,23.205
2019.11.21,15:50,23.205,23.215,23.19,23.19
2019.11.21,15:51,23.19,23.195,23.18,23.18
2019.11.21,15:52,23.175,23.18,23.17,23.175
2019.11.21,15:53,23.18,23.19,23.17,23.18
2019.11.21,15:54,23.185,23.19,23.17,23.175
2019.11.21,15:55,23.175,23.19,23.175,23.18
2019.11.21,15:56,23.185,23.205,23.18,23.205
2019.11.21,15:57,23.2,23.205,23.19,23.19
2019.11.21,15:58,23.195,23.2,23.19,23.2
2019.11.21,15:59,23.2,23.2,23.18,23.19
2019.11.22,09:30,23.33,23.455,23.33,23.425
2019.11.22,09:31,23.4,23.455,23.4,23.455
2019.11.22,09:32,23.43,23.43,23.42,23.42
2019.11.22,09:33,23.42,23.42,23.38,23.4
2019.11.22,09:34,23.39,23.41,23.38,23.4
2019.11.22,09:35,23.4,23.4,23.38,23.39
2019.11.22,09:36,23.4,23.4,23.39,23.4
2019.11.22,09:37,23.4,23.41,23.39,23.4
2019.11.22,09:38,23.4,23.41,23.39,23.4
2019.11.22,09:39,23.41,23.43,23.41,23.43
2019.11.22,09:40,23.42,23.44,23.42,23.44
2019.11.22,09:41,23.44,23.44,23.43,23.43
2019.11.22,09:42,23.43,23.45,23.43,23.45
2019.11.22,09:43,23.44,23.45,23.43,23.44
2019.11.22,09:44,23.445,23.455,23.445,23.45
2019.11.22,09:45,23.46,23.49,23.455,23.46
2019.11.22,09:46,23.47,23.485,23.47,23.485
2019.11.22,09:47,23.49,23.49,23.485,23.49
2019.11.22,09:48,23.48,23.49,23.48,23.485
2019.11.22,09:49,23.485,23.49,23.485,23.49
2019.11.22,09:50,23.49,23.495,23.49,23.495
2019.11.22,09:51,23.5,23.5,23.495,23.495
2019.11.22,09:52,23.49,23.495,23.49,23.495
2019.11.22,09:53,23.495,23.495,23.45,23.45
2019.11.22,09:54,23.445,23.45,23.44,23.44
2019.11.22,09:55,23.44,23.45,23.43,23.45
2019.11.22,09:56,23.45,23.46,23.43,23.435
2019.11.22,09:57,23.44,23.46,23.43,23.45
2019.11.22,09:58,23.45,23.46,23.44,23.44
2019.11.22,09:59,23.44,23.455,23.43,23.44
2019.11.22,10:00,23.43,23.435,23.43,23.43
2019.11.22,10:01,23.43,23.44,23.39,23.4
2019.11.22,10:02,23.4,23.42,23.38,23.38
2019.11.22,10:03,23.37,23.4,23.36,23.4
2019.11.22,10:04,23.4,23.4,23.4,23.4
2019.11.22,10:05,23.395,23.41,23.39,23.41
2019.11.22,10:06,23.41,23.45,23.41,23.44
2019.11.22,10:07,23.45,23.46,23.45,23.46
2019.11.22,10:08,23.46,23.47,23.455,23.465
2019.11.22,10:09,23.455,23.47,23.45,23.46
2019.11.22,10:10,23.47,23.47,23.46,23.46
2019.11.22,10:11,23.47,23.47,23.46,23.47
2019.11.22,10:12,23.47,23.47,23.455,23.46
2019.11.22,10:13,23.45,23.45,23.43,23.43
2019.11.22,10:14,23.43,23.43,23.42,23.42
2019.11.22,10:15,23.41,23.41,23.405,23.405
2019.11.22,10:16,23.41,23.425,23.41,23.425
2019.11.22,10:17,23.43,23.46,23.43,23.455
2019.11.22,10:18,23.45,23.45,23.45,23.45
2019.11.22,10:19,23.46,23.48,23.46,23.48
2019.11.22,10:20,23.48,23.485,23.47,23.47
2019.11.22,10:21,23.48,23.49,23.47,23.49
2019.11.22,10:22,23.49,23.495,23.49,23.495
2019.11.22,10:23,23.5,23.5,23.49,23.49
2019.11.22,10:24,23.4956,23.5,23.49,23.495
2019.11.22,10:25,23.495,23.5099,23.495,23.5
2019.11.22,10:26,23.49,23.495,23.485,23.4853
2019.11.22,10:27,23.48,23.48,23.44,23.445
2019.11.22,10:28,23.445,23.445,23.44,23.445
2019.11.22,10:29,23.44,23.445,23.44,23.44
2019.11.22,10:30,23.43,23.43,23.41,23.41
2019.11.22,10:31,23.41,23.41,23.41,23.41
2019.11.22,10:32,23.41,23.415,23.41,23.415
2019.11.22,10:33,23.42,23.42,23.41,23.41
2019.11.22,10:34,23.41,23.43,23.41,23.43
2019.11.22,10:35,23.43,23.435,23.42,23.43
2019.11.22,10:36,23.42,23.4315,23.42,23.4315
2019.11.22,10:37,23.44,23.44,23.43,23.43
2019.11.22,10:38,23.435,23.44,23.435,23.435
2019.11.22,10:39,23.435,23.44,23.43,23.435
2019.11.22,10:40,23.43,23.45,23.43,23.45
2019.11.22,10:41,23.45,23.47,23.45,23.46
2019.11.22,10:42,23.45,23.455,23.44,23.44
2019.11.22,10:43,23.44,23.455,23.44,23.455
2019.11.22,10:44,23.4597,23.4597,23.4597,23.4597
2019.11.22,10:45,23.455,23.455,23.455,23.455
2019.11.22,10:46,23.455,23.46,23.445,23.45
2019.11.22,10:47,23.46,23.47,23.46,23.47
2019.11.22,10:48,23.47,23.47,23.47,23.47
2019.11.22,10:50,23.48,23.485,23.48,23.48
2019.11.22,10:51,23.48,23.48,23.48,23.48
2019.11.22,10:52,23.49,23.49,23.48,23.48
2019.11.22,10:53,23.49,23.5,23.49,23.49
2019.11.22,10:54,23.485,23.485,23.48,23.485
2019.11.22,10:55,23.49,23.5,23.49,23.5
2019.11.22,10:57,23.52,23.55,23.52,23.545
2019.11.22,10:58,23.55,23.55,23.545,23.545
2019.11.22,10:59,23.545,23.545,23.53,23.53
2019.11.22,11:00,23.53,23.535,23.53,23.53
2019.11.22,11:01,23.525,23.53,23.52,23.52
2019.11.22,11:02,23.51,23.515,23.505,23.51
2019.11.22,11:03,23.5,23.505,23.49,23.49
2019.11.22,11:04,23.49,23.49,23.48,23.48
2019.11.22,11:05,23.485,23.485,23.485,23.485
2019.11.22,11:06,23.49,23.5,23.485,23.49
2019.11.22,11:07,23.495,23.52,23.495,23.52
2019.11.22,11:08,23.52,23.525,23.52,23.52
2019.11.22,11:09,23.52,23.525,23.52,23.52
2019.11.22,11:10,23.52,23.525,23.495,23.5
2019.11.22,11:11,23.495,23.5,23.48,23.48
2019.11.22,11:12,23.4763,23.485,23.4763,23.485
2019.11.22,11:13,23.4858,23.4858,23.4858,23.4858
2019.11.22,11:14,23.485,23.485,23.485,23.485
2019.11.22,11:15,23.485,23.49,23.48,23.48
2019.11.22,11:16,23.475,23.475,23.46,23.46
2019.11.22,11:17,23.44,23.445,23.44,23.445
2019.11.22,11:18,23.44,23.44,23.43,23.435
2019.11.22,11:19,23.435,23.435,23.43,23.435
2019.11.22,11:20,23.4329,23.435,23.4329,23.435
2019.11.22,11:21,23.435,23.435,23.43,23.43
2019.11.22,11:22,23.435,23.435,23.435,23.435
2019.11.22,11:23,23.43,23.435,23.43,23.435
2019.11.22,11:24,23.44,23.46,23.44,23.44
2019.11.22,11:25,23.44,23.44,23.43,23.43
2019.11.22,11:26,23.43,23.43,23.43,23.43
2019.11.22,11:27,23.43,23.43,23.43,23.43
2019.11.22,11:28,23.435,23.435,23.435,23.435
2019.11.22,11:29,23.44,23.44,23.43,23.43
2019.11.22,11:30,23.43,23.435,23.43,23.435
2019.11.22,11:31,23.438,23.49,23.435,23.49
2019.11.22,11:32,23.485,23.49,23.47,23.47
2019.11.22,11:33,23.47,23.48,23.46,23.465
2019.11.22,11:34,23.465,23.465,23.465,23.465
2019.11.22,11:35,23.465,23.47,23.46,23.47
2019.11.22,11:36,23.47,23.49,23.47,23.49
2019.11.22,11:38,23.49,23.49,23.49,23.49
2019.11.22,11:39,23.49,23.49,23.49,23.49
2019.11.22,11:41,23.5,23.51,23.4973,23.51
2019.11.22,11:42,23.51,23.51,23.51,23.51
2019.11.22,11:44,23.525,23.53,23.52,23.525
2019.11.22,11:45,23.525,23.53,23.5201,23.525
2019.11.22,11:46,23.525,23.525,23.525,23.525
2019.11.22,11:47,23.52,23.525,23.51,23.51
2019.11.22,11:48,23.51,23.51,23.51,23.51
2019.11.22,11:49,23.505,23.505,23.505,23.505
2019.11.22,11:50,23.51,23.525,23.51,23.525
2019.11.22,11:53,23.53,23.53,23.52,23.52
2019.11.22,11:54,23.525,23.525,23.52,23.52
2019.11.22,11:55,23.53,23.53,23.53,23.53
2019.11.22,11:56,23.53,23.53,23.53,23.53
2019.11.22,11:57,23.54,23.545,23.54,23.545
2019.11.22,11:58,23.545,23.545,23.54,23.545
2019.11.22,11:59,23.545,23.545,23.545,23.545
2019.11.22,12:00,23.545,23.55,23.545,23.55
2019.11.22,12:01,23.55,23.555,23.55,23.55
2019.11.22,12:03,23.55,23.55,23.54,23.54
2019.11.22,12:04,23.55,23.55,23.55,23.55
2019.11.22,12:05,23.56,23.56,23.56,23.56
2019.11.22,12:06,23.5541,23.5541,23.5541,23.5541
2019.11.22,12:08,23.5566,23.5566,23.5566,23.5566
2019.11.22,12:09,23.56,23.56,23.5566,23.56
2019.11.22,12:10,23.57,23.57,23.57,23.57
2019.11.22,12:11,23.56,23.565,23.56,23.565
2019.11.22,12:12,23.56,23.56,23.56,23.56
2019.11.22,12:13,23.56,23.56,23.55,23.55
2019.11.22,12:14,23.56,23.56,23.56,23.56
2019.11.22,12:15,23.556,23.556,23.555,23.555
2019.11.22,12:16,23.555,23.555,23.55,23.55
2019.11.22,12:18,23.55,23.55,23.54,23.54
2019.11.22,12:20,23.53,23.54,23.525,23.525
2019.11.22,12:21,23.52,23.52,23.52,23.52
2019.11.22,12:22,23.5201,23.5201,23.52,23.52
2019.11.22,12:23,23.526,23.53,23.526,23.53
2019.11.22,12:24,23.53,23.53,23.53,23.53
2019.11.22,12:25,23.54,23.54,23.54,23.54
2019.11.22,12:28,23.55,23.55,23.55,23.55
2019.11.22,12:29,23.56,23.56,23.56,23.56
2019.11.22,12:30,23.565,23.565,23.55,23.565
2019.11.22,12:31,23.555,23.555,23.54,23.54
2019.11.22,12:33,23.54,23.54,23.54,23.54
2019.11.22,12:34,23.54,23.54,23.54,23.54
2019.11.22,12:35,23.54,23.55,23.54,23.54
2019.11.22,12:37,23.54,23.54,23.54,23.54
2019.11.22,12:39,23.53,23.53,23.53,23.53
2019.11.22,12:40,23.525,23.53,23.525,23.53
2019.11.22,12:41,23.53,23.53,23.53,23.53
2019.11.22,12:42,23.535,23.535,23.535,23.535
2019.11.22,12:43,23.54,23.54,23.54,23.54
2019.11.22,12:44,23.55,23.55,23.55,23.55
2019.11.22,12:46,23.5459,23.55,23.5459,23.55
2019.11.22,12:47,23.55,23.555,23.55,23.554
2019.11.22,12:48,23.55,23.555,23.55,23.555
2019.11.22,12:49,23.55,23.55,23.545,23.545
2019.11.22,12:50,23.54,23.54,23.54,23.54
2019.11.22,12:52,23.535,23.535,23.535,23.535
2019.11.22,12:56,23.55,23.55,23.545,23.545
2019.11.22,12:58,23.545,23.545,23.545,23.545
2019.11.22,13:00,23.55,23.55,23.55,23.55
2019.11.22,13:01,23.55,23.55,23.55,23.55
2019.11.22,13:04,23.545,23.545,23.5301,23.533
2019.11.22,13:05,23.5361,23.5361,23.5361,23.5361
2019.11.22,13:06,23.54,23.54,23.54,23.54
2019.11.22,13:07,23.54,23.54,23.53,23.53
2019.11.22,13:08,23.52,23.525,23.52,23.525
2019.11.22,13:10,23.52,23.525,23.52,23.525
2019.11.22,13:12,23.52,23.53,23.52,23.53
2019.11.22,13:15,23.52,23.525,23.52,23.52
2019.11.22,13:18,23.52,23.52,23.52,23.52
2019.11.22,13:20,23.526,23.526,23.526,23.526
2019.11.22,13:23,23.525,23.525,23.525,23.525
2019.11.22,13:24,23.52,23.52,23.52,23.52
2019.11.22,13:26,23.52,23.53,23.51,23.5184
2019.11.22,13:27,23.52,23.52,23.51,23.52
2019.11.22,13:31,23.53,23.53,23.53,23.53
2019.11.22,13:32,23.54,23.54,23.54,23.54
2019.11.22,13:34,23.55,23.57,23.545,23.56
2019.11.22,13:35,23.57,23.57,23.57,23.57
2019.11.22,13:36,23.57,23.57,23.57,23.57
2019.11.22,13:38,23.57,23.57,23.57,23.57
2019.11.22,13:39,23.57,23.59,23.57,23.59
2019.11.22,13:41,23.59,23.595,23.59,23.595
2019.11.22,13:42,23.59,23.6,23.59,23.6
2019.11.22,13:43,23.6,23.61,23.6,23.61
2019.11.22,13:44,23.61,23.62,23.61,23.62
2019.11.22,13:46,23.62,23.62,23.62,23.62
2019.11.22,13:47,23.62,23.64,23.62,23.64
2019.11.22,13:48,23.635,23.636,23.635,23.636
2019.11.22,13:49,23.635,23.635,23.63,23.635
2019.11.22,13:50,23.64,23.64,23.64,23.64
2019.11.22,13:51,23.63,23.64,23.63,23.64
2019.11.22,13:52,23.64,23.64,23.635,23.64
2019.11.22,13:53,23.635,23.645,23.63,23.64
2019.11.22,13:55,23.65,23.66,23.645,23.66
2019.11.22,13:56,23.66,23.66,23.66,23.66
2019.11.22,13:57,23.6532,23.66,23.62,23.62
2019.11.22,13:58,23.62,23.62,23.58,23.59
2019.11.22,13:59,23.59,23.61,23.56,23.61
2019.11.22,14:00,23.61,23.61,23.61,23.61
2019.11.22,14:01,23.6,23.605,23.59,23.59
2019.11.22,14:02,23.59,23.62,23.59,23.62
2019.11.22,14:03,23.62,23.62,23.62,23.62
2019.11.22,14:04,23.615,23.615,23.615,23.615
2019.11.22,14:05,23.62,23.62,23.62,23.62
2019.11.22,14:07,23.64,23.64,23.64,23.64
2019.11.22,14:08,23.63,23.63,23.63,23.63
2019.11.22,14:09,23.64,23.65,23.64,23.65
2019.11.22,14:10,23.65,23.655,23.65,23.6525
2019.11.22,14:12,23.65,23.67,23.65,23.67
2019.11.22,14:13,23.665,23.665,23.665,23.665
2019.11.22,14:14,23.66,23.675,23.66,23.675
2019.11.22,14:15,23.67,23.67,23.67,23.67
2019.11.22,14:16,23.67,23.69,23.67,23.69
2019.11.22,14:17,23.68,23.68,23.68,23.68
2019.11.22,14:18,23.68,23.68,23.68,23.68
2019.11.22,14:19,23.67,23.675,23.67,23.675
2019.11.22,14:20,23.67,23.67,23.65,23.67
2019.11.22,14:22,23.67,23.675,23.67,23.67
2019.11.22,14:23,23.67,23.67,23.67,23.67
2019.11.22,14:24,23.67,23.67,23.67,23.67
2019.11.22,14:25,23.67,23.67,23.67,23.67
2019.11.22,14:26,23.67,23.68,23.67,23.675
2019.11.22,14:27,23.675,23.685,23.675,23.685
2019.11.22,14:28,23.69,23.69,23.68,23.69
2019.11.22,14:29,23.7,23.71,23.7,23.71
2019.11.22,14:30,23.7,23.7,23.7,23.7
2019.11.22,14:31,23.7,23.7,23.7,23.7
2019.11.22,14:33,23.705,23.705,23.705,23.705
2019.11.22,14:34,23.705,23.705,23.705,23.705
2019.11.22,14:35,23.7069,23.7069,23.7069,23.7069
2019.11.22,14:36,23.71,23.71,23.71,23.71
2019.11.22,14:37,23.71,23.71,23.7,23.705
2019.11.22,14:38,23.705,23.705,23.705,23.705
2019.11.22,14:39,23.7083,23.73,23.7083,23.72
2019.11.22,14:40,23.73,23.73,23.725,23.725
2019.11.22,14:41,23.73,23.74,23.73,23.74
2019.11.22,14:42,23.735,23.74,23.73,23.74
2019.11.22,14:44,23.74,23.74,23.735,23.735
2019.11.22,14:45,23.74,23.745,23.74,23.74
2019.11.22,14:46,23.735,23.745,23.735,23.745
2019.11.22,14:47,23.745,23.745,23.735,23.735
2019.11.22,14:48,23.735,23.735,23.73,23.73
2019.11.22,14:49,23.735,23.735,23.73,23.73
2019.11.22,14:50,23.72,23.72,23.71,23.715
2019.11.22,14:51,23.71,23.715,23.71,23.715
2019.11.22,14:52,23.71,23.715,23.71,23.715
2019.11.22,14:53,23.72,23.72,23.71,23.71
2019.11.22,14:54,23.71,23.72,23.705,23.72
2019.11.22,14:55,23.72,23.72,23.72,23.72
2019.11.22,14:56,23.72,23.72,23.715,23.715
2019.11.22,14:57,23.715,23.72,23.71,23.71
2019.11.22,14:58,23.705,23.705,23.7,23.7
2019.11.22,14:59,23.71,23.71,23.71,23.71
2019.11.22,15:00,23.71,23.71,23.705,23.71
2019.11.22,15:01,23.705,23.705,23.705,23.705
2019.11.22,15:02,23.705,23.705,23.7,23.7
2019.11.22,15:03,23.705,23.705,23.68,23.68
2019.11.22,15:04,23.685,23.685,23.6828,23.6828
2019.11.22,15:05,23.685,23.69,23.685,23.69
2019.11.22,15:06,23.7,23.7,23.695,23.695
2019.11.22,15:07,23.7,23.7,23.695,23.695
2019.11.22,15:08,23.695,23.695,23.69,23.695
2019.11.22,15:09,23.695,23.695,23.695,23.695
2019.11.22,15:10,23.695,23.695,23.695,23.695
2019.11.22,15:11,23.7,23.705,23.7,23.705
2019.11.22,15:12,23.7,23.71,23.7,23.71
2019.11.22,15:13,23.705,23.705,23.705,23.705
2019.11.22,15:14,23.71,23.72,23.705,23.72
2019.11.22,15:15,23.725,23.725,23.72,23.72
2019.11.22,15:16,23.725,23.725,23.72,23.725
2019.11.22,15:17,23.725,23.725,23.72,23.725
2019.11.22,15:18,23.725,23.725,23.72,23.72
2019.11.22,15:19,23.72,23.725,23.72,23.724
2019.11.22,15:20,23.72,23.725,23.72,23.72
2019.11.22,15:21,23.72,23.72,23.715,23.715
2019.11.22,15:22,23.71,23.715,23.71,23.715
2019.11.22,15:23,23.715,23.72,23.715,23.72
2019.11.22,15:24,23.72,23.735,23.72,23.735
2019.11.22,15:25,23.74,23.74,23.74,23.74
2019.11.22,15:26,23.74,23.75,23.74,23.75
2019.11.22,15:27,23.75,23.75,23.745,23.75
2019.11.22,15:28,23.745,23.745,23.745,23.745
2019.11.22,15:29,23.745,23.75,23.74,23.75
2019.11.22,15:30,23.74,23.75,23.74,23.75
2019.11.22,15:31,23.74,23.7485,23.74,23.74
2019.11.22,15:32,23.745,23.75,23.745,23.745
2019.11.22,15:33,23.7429,23.745,23.74,23.745
2019.11.22,15:34,23.745,23.75,23.74,23.74
2019.11.22,15:35,23.745,23.75,23.74,23.74
2019.11.22,15:36,23.745,23.755,23.745,23.755
2019.11.22,15:37,23.755,23.76,23.75,23.75
2019.11.22,15:38,23.75,23.76,23.75,23.75
2019.11.22,15:39,23.755,23.755,23.75,23.75
2019.11.22,15:40,23.75,23.75,23.74,23.75
2019.11.22,15:41,23.75,23.75,23.74,23.74
2019.11.22,15:42,23.75,23.75,23.745,23.745
2019.11.22,15:43,23.745,23.75,23.74,23.745
2019.11.22,15:44,23.745,23.75,23.745,23.75
2019.11.22,15:45,23.745,23.75,23.74,23.75
2019.11.22,15:46,23.75,23.75,23.74,23.74
2019.11.22,15:47,23.75,23.76,23.75,23.755
2019.11.22,15:48,23.755,23.76,23.755,23.755
2019.11.22,15:49,23.755,23.755,23.75,23.75
2019.11.22,15:50,23.75,23.75,23.74,23.74
2019.11.22,15:51,23.74,23.745,23.73,23.74
2019.11.22,15:52,23.735,23.74,23.73,23.735
2019.11.22,15:53,23.74,23.74,23.735,23.735
2019.11.22,15:54,23.74,23.74,23.73,23.74
2019.11.22,15:55,23.735,23.74,23.73,23.735
2019.11.22,15:56,23.74,23.75,23.735,23.745
2019.11.22,15:57,23.745,23.755,23.745,23.745
2019.11.22,15:58,23.745,23.755,23.74,23.75
2019.11.22,15:59,23.75,23.76,23.73,23.73
2019.11.23,09:30,23.62,23.7348,23.62,23.72
2019.11.23,09:31,23.74,23.75,23.69,23.72
2019.11.23,09:32,23.73,23.74,23.73,23.74
2019.11.23,09:33,23.745,23.83,23.745,23.83
2019.11.23,09:34,23.84,23.85,23.77,23.78
2019.11.23,09:35,23.77,23.77,23.7603,23.77
2019.11.23,09:36,23.77,23.78,23.76,23.775
2019.11.23,09:37,23.77,23.82,23.75,23.82
2019.11.23,09:38,23.815,23.8499,23.815,23.8499
2019.11.23,09:39,23.85,23.86,23.845,23.845
2019.11.23,09:40,23.85,23.85,23.82,23.845
2019.11.23,09:41,23.845,23.845,23.81,23.81
2019.11.23,09:42,23.815,23.815,23.805,23.805
2019.11.23,09:43,23.81,23.81,23.8,23.81
2019.11.23,09:44,23.815,23.815,23.795,23.805
2019.11.23,09:45,23.805,23.84,23.805,23.83
2019.11.23,09:46,23.82,23.825,23.82,23.825
2019.11.23,09:48,23.83,23.83,23.815,23.815
2019.11.23,09:49,23.815,23.83,23.815,23.82
2019.11.23,09:50,23.82,23.84,23.82,23.84
2019.11.23,09:51,23.84,23.85,23.83,23.84
2019.11.23,09:52,23.83,23.84,23.82,23.8256
2019.11.23,09:53,23.83,23.83,23.81,23.825
2019.11.23,09:54,23.83,23.83,23.82,23.82
2019.11.23,09:55,23.83,23.83,23.82,23.825
2019.11.23,09:56,23.83,23.83,23.815,23.815
2019.11.23,09:57,23.81,23.82,23.81,23.81
2019.11.23,09:58,23.81,23.82,23.8,23.82
2019.11.23,09:59,23.83,23.83,23.81,23.83
2019.11.23,10:00,23.82,23.845,23.82,23.845
2019.11.23,10:01,23.8497,23.9,23.8497,23.89
2019.11.23,10:03,23.885,23.895,23.885,23.89
2019.11.23,10:04,23.8901,23.8901,23.8901,23.8901
2019.11.23,10:05,23.895,23.9,23.895,23.895
2019.11.23,10:06,23.895,23.9,23.89,23.895
2019.11.23,10:07,23.9,23.91,23.87,23.87
2019.11.23,10:08,23.87,23.87,23.845,23.87
2019.11.23,10:09,23.87,23.87,23.87,23.87
2019.11.23,10:10,23.875,23.885,23.875,23.885
2019.11.23,10:11,23.885,23.89,23.88,23.885
2019.11.23,10:12,23.885,23.89,23.875,23.875
2019.11.23,10:13,23.87,23.87,23.845,23.845
2019.11.23,10:14,23.84,23.85,23.82,23.825
2019.11.23,10:15,23.83,23.84,23.82,23.82
2019.11.23,10:16,23.825,23.84,23.82,23.835
2019.11.23,10:17,23.84,23.86,23.835,23.84
2019.11.23,10:18,23.84,23.84,23.82,23.83
2019.11.23,10:19,23.83,23.84,23.825,23.83
2019.11.23,10:20,23.825,23.825,23.82,23.82
2019.11.23,10:21,23.825,23.83,23.825,23.83
2019.11.23,10:22,23.825,23.835,23.825,23.835
2019.11.23,10:23,23.835,23.85,23.835,23.85
2019.11.23,10:24,23.85,23.85,23.85,23.85
2019.11.23,10:25,23.845,23.85,23.845,23.85
2019.11.23,10:26,23.85,23.85,23.82,23.83
2019.11.23,10:27,23.83,23.835,23.825,23.83
2019.11.23,10:28,23.83,23.83,23.79,23.795
2019.11.23,10:29,23.8,23.805,23.79,23.8
2019.11.23,10:30,23.79,23.79,23.76,23.76
2019.11.23,10:31,23.76,23.76,23.76,23.76
2019.11.23,10:32,23.76,23.765,23.72,23.73
2019.11.23,10:33,23.72,23.72,23.69,23.705
2019.11.23,10:34,23.705,23.71,23.69,23.71
2019.11.23,10:35,23.7,23.71,23.7,23.71
2019.11.23,10:36,23.71,23.78,23.71,23.78
2019.11.23,10:37,23.78,23.78,23.77,23.78
2019.11.23,10:38,23.77,23.775,23.75,23.75
2019.11.23,10:39,23.74,23.74,23.73,23.73
2019.11.23,10:40,23.735,23.75,23.73,23.75
2019.11.23,10:41,23.7438,23.75,23.73,23.74
2019.11.23,10:42,23.74,23.74,23.72,23.73
2019.11.23,10:43,23.725,23.73,23.7,23.725
2019.11.23,10:44,23.72,23.73,23.7,23.7
2019.11.23,10:45,23.69,23.69,23.67,23.69
2019.11.23,10:46,23.69,23.715,23.69,23.715
2019.11.23,10:47,23.715,23.715,23.715,23.715
2019.11.23,10:48,23.715,23.745,23.71,23.74
2019.11.23,10:49,23.735,23.74,23.715,23.74
2019.11.23,10:50,23.745,23.765,23.74,23.76
2019.11.23,10:51,23.76,23.76,23.735,23.74
2019.11.23,10:52,23.73,23.73,23.72,23.72
2019.11.23,10:53,23.73,23.79,23.73,23.79
2019.11.23,10:55,23.795,23.88,23.795,23.81
2019.11.23,10:56,23.81,23.83,23.805,23.81
2019.11.23,10:57,23.815,23.82,23.81,23.81
2019.11.23,10:58,23.8051,23.81,23.8,23.8
2019.11.23,10:59,23.802,23.83,23.79,23.79
2019.11.23,11:00,23.79,23.79,23.77,23.77
2019.11.23,11:01,23.77,23.795,23.76,23.795
2019.11.23,11:02,23.79,23.79,23.77,23.78
2019.11.23,11:03,23.79,23.805,23.79,23.8
2019.11.23,11:04,23.8,23.8,23.79,23.8
2019.11.23,11:05,23.795,23.795,23.77,23.78
2019.11.23,11:06,23.775,23.81,23.775,23.81
2019.11.23,11:07,23.81,23.82,23.81,23.81
2019.11.23,11:08,23.82,23.83,23.82,23.83
2019.11.23,11:09,23.83,23.86,23.83,23.85
2019.11.23,11:10,23.86,23.86,23.855,23.855
2019.11.23,11:11,23.85,23.85,23.83,23.83
2019.11.23,11:12,23.82,23.82,23.79,23.805
2019.11.23,11:13,23.8,23.805,23.8,23.805
2019.11.23,11:14,23.81,23.815,23.805,23.815
2019.11.23,11:15,23.81,23.83,23.81,23.83
2019.11.23,11:16,23.83,23.83,23.81,23.81
2019.11.23,11:17,23.81,23.81,23.79,23.79
2019.11.23,11:18,23.79,23.8,23.79,23.8
2019.11.23,11:19,23.8,23.8,23.79,23.8
2019.11.23,11:20,23.8,23.81,23.8,23.8
2019.11.23,11:21,23.8033,23.805,23.8033,23.805
2019.11.23,11:22,23.805,23.84,23.805,23.832
2019.11.23,11:23,23.83,23.84,23.83,23.84
2019.11.23,11:24,23.835,23.835,23.835,23.835
2019.11.23,11:25,23.83,23.835,23.83,23.83
2019.11.23,11:26,23.82,23.82,23.805,23.81
2019.11.23,11:27,23.785,23.8,23.77,23.78
2019.11.23,11:28,23.8,23.825,23.8,23.825
2019.11.23,11:29,23.83,23.83,23.82,23.83
2019.11.23,11:30,23.83,23.83,23.82,23.82
2019.11.23,11:31,23.82,23.82,23.8,23.8
2019.11.23,11:32,23.8,23.8,23.8,23.8
2019.11.23,11:33,23.8,23.8,23.77,23.77
2019.11.23,11:34,23.77,23.78,23.77,23.78
2019.11.23,11:35,23.78,23.785,23.78,23.785
2019.11.23,11:36,23.78,23.785,23.77,23.775
2019.11.23,11:37,23.77,23.775,23.77,23.775
2019.11.23,11:38,23.7759,23.81,23.775,23.8
2019.11.23,11:39,23.81,23.8144,23.81,23.8144
2019.11.23,11:40,23.82,23.83,23.82,23.83
2019.11.23,11:41,23.84,23.84,23.83,23.84
2019.11.23,11:42,23.84,23.85,23.84,23.84
2019.11.23,11:43,23.85,23.855,23.8442,23.85
2019.11.23,11:44,23.85,23.855,23.85,23.85
2019.11.23,11:45,23.85,23.85,23.85,23.85
2019.11.23,11:46,23.85,23.85,23.85,23.85
2019.11.23,11:48,23.85,23.85,23.845,23.845
2019.11.23,11:49,23.85,23.86,23.85,23.86
2019.11.23,11:50,23.86,23.86,23.86,23.86
2019.11.23,11:53,23.87,23.87,23.863,23.863
2019.11.23,11:54,23.86,23.865,23.81,23.82
2019.11.23,11:55,23.82,23.82,23.82,23.82
2019.11.23,11:57,23.83,23.85,23.83,23.85
2019.11.23,11:58,23.85,23.85,23.85,23.85
2019.11.23,11:59,23.85,23.85,23.84,23.84
2019.11.23,12:00,23.83,23.83,23.83,23.83
2019.11.23,12:01,23.82,23.825,23.82,23.825
2019.11.23,12:02,23.83,23.83,23.83,23.83
2019.11.23,12:03,23.82,23.82,23.82,23.82
2019.11.23,12:05,23.82,23.83,23.82,23.83
2019.11.23,12:06,23.83,23.83,23.83,23.83
2019.11.23,12:07,23.83,23.84,23.83,23.84
2019.11.23,12:08,23.85,23.85,23.81,23.81
2019.11.23,12:09,23.8,23.81,23.8,23.81
2019.11.23,12:10,23.8,23.8,23.8,23.8
2019.11.23,12:11,23.81,23.81,23.81,23.81
2019.11.23,12:14,23.805,23.805,23.805,23.805
2019.11.23,12:15,23.81,23.81,23.81,23.81
2019.11.23,12:16,23.81,23.81,23.81,23.81
2019.11.23,12:17,23.81,23.81,23.8,23.8
2019.11.23,12:18,23.8,23.81,23.795,23.805
2019.11.23,12:19,23.8,23.825,23.8,23.825
2019.11.23,12:22,23.83,23.83,23.83,23.83
2019.11.23,12:23,23.84,23.84,23.84,23.84
2019.11.23,12:24,23.835,23.86,23.83,23.85
2019.11.23,12:25,23.86,23.86,23.84,23.84
2019.11.23,12:28,23.81,23.81,23.81,23.81
2019.11.23,12:29,23.81,23.81,23.81,23.81
2019.11.23,12:30,23.81,23.81,23.81,23.81
2019.11.23,12:31,23.82,23.82,23.82,23.82
2019.11.23,12:32,23.81,23.81,23.81,23.81
2019.11.23,12:33,23.815,23.815,23.815,23.815
2019.11.23,12:36,23.82,23.82,23.82,23.82
2019.11.23,12:38,23.81,23.815,23.81,23.815
2019.11.23,12:39,23.82,23.82,23.79,23.79
2019.11.23,12:40,23.78,23.7827,23.78,23.78
2019.11.23,12:42,23.78,23.78,23.75,23.75
2019.11.23,12:44,23.76,23.76,23.75,23.75
2019.11.23,12:46,23.76,23.81,23.755,23.8
2019.11.23,12:47,23.79,23.79,23.79,23.79
2019.11.23,12:48,23.8,23.82,23.795,23.81
2019.11.23,12:49,23.81,23.81,23.8,23.8
2019.11.23,12:50,23.8,23.8,23.79,23.8
2019.11.23,12:51,23.795,23.795,23.795,23.795
2019.11.23,12:52,23.79,23.815,23.79,23.81
2019.11.23,12:53,23.81,23.81,23.81,23.81
2019.11.23,12:55,23.81,23.81,23.81,23.81
2019.11.23,12:57,23.81,23.82,23.81,23.815
2019.11.23,12:58,23.82,23.82,23.82,23.82
2019.11.23,12:59,23.815,23.815,23.815,23.815
2019.11.23,13:00,23.82,23.82,23.82,23.82
2019.11.23,13:02,23.8132,23.815,23.81,23.81
2019.11.23,13:03,23.81,23.82,23.805,23.805
2019.11.23,13:04,23.81,23.81,23.81,23.81
2019.11.23,13:07,23.82,23.835,23.77,23.81
2019.11.23,13:08,23.82,23.83,23.82,23.83
2019.11.23,13:09,23.82,23.82,23.82,23.82
2019.11.23,13:11,23.82,23.82,23.82,23.82
2019.11.23,13:12,23.82,23.83,23.82,23.8258
2019.11.23,13:14,23.82,23.82,23.81,23.81
2019.11.23,13:15,23.81,23.81,23.75,23.81
2019.11.23,13:16,23.81,23.83,23.81,23.82
2019.11.23,13:17,23.8266,23.8266,23.8266,23.8266
2019.11.23,13:20,23.83,23.83,23.83,23.83
2019.11.23,13:22,23.83,23.83,23.83,23.83
2019.11.23,13:24,23.84,23.84,23.84,23.84
2019.11.23,13:26,23.84,23.85,23.84,23.85
2019.11.23,13:27,23.85,23.85,23.85,23.85
2019.11.23,13:29,23.85,23.87,23.85,23.87
2019.11.23,13:30,23.865,23.87,23.865,23.87
2019.11.23,13:31,23.865,23.865,23.865,23.865
2019.11.23,13:32,23.865,23.8666,23.865,23.865
2019.11.23,13:33,23.865,23.865,23.865,23.865
2019.11.23,13:34,23.87,23.87,23.865,23.865
2019.11.23,13:36,23.865,23.865,23.86,23.86
2019.11.23,13:40,23.855,23.855,23.855,23.855
2019.11.23,13:41,23.85,23.85,23.85,23.85
2019.11.23,13:42,23.855,23.855,23.855,23.855
2019.11.23,13:44,23.86,23.86,23.85,23.85
2019.11.23,13:45,23.86,23.86,23.85,23.85
2019.11.23,13:46,23.85,23.85,23.84,23.84
2019.11.23,13:47,23.85,23.85,23.85,23.85
2019.11.23,13:48,23.8455,23.8455,23.83,23.83
2019.11.23,13:49,23.83,23.83,23.82,23.82
2019.11.23,13:50,23.82,23.825,23.82,23.825
2019.11.23,13:51,23.82,23.82,23.805,23.81
2019.11.23,13:52,23.81,23.82,23.805,23.815
2019.11.23,13:53,23.82,23.82,23.81,23.815
2019.11.23,13:54,23.81,23.81,23.81,23.81
2019.11.23,13:55,23.81,23.81,23.805,23.805
2019.11.23,13:56,23.8,23.8,23.785,23.785
2019.11.23,13:58,23.79,23.8,23.785,23.8
2019.11.23,13:59,23.81,23.81,23.805,23.805
2019.11.23,14:00,23.8044,23.8044,23.8044,23.8044
2019.11.23,14:01,23.8,23.81,23.795,23.805
2019.11.23,14:02,23.8,23.8,23.795,23.8
2019.11.23,14:03,23.8,23.8,23.8,23.8
2019.11.23,14:04,23.795,23.8,23.795,23.795
2019.11.23,14:05,23.81,23.81,23.81,23.81
2019.11.23,14:06,23.8,23.8,23.785,23.79
2019.11.23,14:07,23.785,23.81,23.785,23.79
2019.11.23,14:09,23.79,23.8,23.79,23.8
2019.11.23,14:10,23.81,23.81,23.8,23.8
2019.11.23,14:11,23.79,23.8,23.785,23.8
2019.11.23,14:12,23.8,23.81,23.785,23.8
2019.11.23,14:13,23.795,23.805,23.795,23.805
2019.11.23,14:14,23.805,23.805,23.805,23.805
2019.11.23,14:16,23.805,23.81,23.8,23.81
2019.11.23,14:18,23.805,23.805,23.8,23.8
2019.11.23,14:19,23.81,23.81,23.81,23.81
2019.11.23,14:20,23.805,23.805,23.805,23.805
2019.11.23,14:21,23.805,23.81,23.805,23.805
2019.11.23,14:22,23.81,23.825,23.81,23.825
2019.11.23,14:23,23.825,23.83,23.825,23.83
2019.11.23,14:24,23.83,23.83,23.82,23.825
2019.11.23,14:25,23.82,23.82,23.81,23.81
2019.11.23,14:26,23.81,23.81,23.81,23.81
2019.11.23,14:28,23.81,23.82,23.81,23.82
2019.11.23,14:31,23.82,23.82,23.815,23.815
2019.11.23,14:33,23.82,23.82,23.81,23.81
2019.11.23,14:34,23.81,23.81,23.81,23.81
2019.11.23,14:35,23.82,23.82,23.82,23.82
2019.11.23,14:36,23.815,23.815,23.815,23.815
2019.11.23,14:37,23.81,23.815,23.81,23.815
2019.11.23,14:38,23.81,23.81,23.81,23.81
2019.11.23,14:39,23.82,23.82,23.81,23.815
2019.11.23,14:41,23.81,23.82,23.81,23.815
2019.11.23,14:42,23.81,23.81,23.81,23.81
2019.11.23,14:43,23.82,23.82,23.8,23.8
2019.11.23,14:44,23.8,23.805,23.8,23.805
2019.11.23,14:45,23.81,23.81,23.805,23.8059
2019.11.23,14:46,23.8,23.8,23.8,23.8
2019.11.23,14:47,23.81,23.81,23.8,23.8
2019.11.23,14:48,23.81,23.81,23.805,23.805
2019.11.23,14:50,23.8,23.805,23.8,23.805
2019.11.23,14:51,23.81,23.81,23.8,23.8
2019.11.23,14:52,23.805,23.805,23.79,23.79
2019.11.23,14:53,23.78,23.78,23.78,23.78
2019.11.23,14:54,23.78,23.78,23.77,23.77
2019.11.23,14:55,23.77,23.775,23.77,23.775
2019.11.23,14:57,23.775,23.775,23.775,23.775
2019.11.23,14:58,23.775,23.78,23.775,23.775
2019.11.23,14:59,23.775,23.775,23.775,23.775
2019.11.23,15:00,23.775,23.775,23.775,23.775
2019.11.23,15:02,23.775,23.775,23.77,23.77
2019.11.23,15:03,23.76,23.765,23.76,23.76
2019.11.23,15:04,23.76,23.76,23.74,23.74
2019.11.23,15:05,23.74,23.74,23.73,23.73
2019.11.23,15:06,23.72,23.735,23.71,23.735
2019.11.23,15:07,23.74,23.81,23.74,23.81
2019.11.23,15:08,23.81,23.825,23.81,23.825
2019.11.23,15:09,23.83,23.83,23.83,23.83
2019.11.23,15:11,23.82,23.82,23.815,23.82
2019.11.23,15:12,23.82,23.82,23.82,23.82
2019.11.23,15:13,23.82,23.82,23.82,23.82
2019.11.23,15:14,23.825,23.825,23.82,23.82
2019.11.23,15:15,23.82,23.82,23.82,23.82
2019.11.23,15:16,23.82,23.82,23.82,23.82
2019.11.23,15:17,23.82,23.82,23.79,23.79
2019.11.23,15:18,23.8,23.81,23.8,23.8
2019.11.23,15:19,23.81,23.81,23.81,23.81
2019.11.23,15:20,23.81,23.81,23.81,23.81
2019.11.23,15:21,23.81,23.81,23.81,23.81
2019.11.23,15:24,23.81,23.84,23.805,23.815
2019.11.23,15:25,23.82,23.82,23.82,23.82
2019.11.23,15:26,23.82,23.83,23.82,23.83
2019.11.23,15:27,23.835,23.835,23.835,23.835
2019.11.23,15:28,23.83,23.84,23.83,23.84
2019.11.23,15:29,23.835,23.835,23.835,23.835
2019.11.23,15:30,23.83,23.84,23.83,23.84
2019.11.23,15:31,23.835,23.835,23.835,23.835
2019.11.23,15:32,23.835,23.84,23.8301,23.84
2019.11.23,15:33,23.8367,23.8367,23.835,23.835
2019.11.23,15:34,23.835,23.835,23.835,23.835
2019.11.23,15:35,23.84,23.865,23.84,23.865
2019.11.23,15:36,23.86,23.865,23.86,23.865
2019.11.23,15:37,23.87,23.87,23.855,23.855
2019.11.23,15:38,23.855,23.855,23.855,23.855
2019.11.23,15:39,23.86,23.865,23.855,23.865
2019.11.23,15:40,23.865,23.865,23.865,23.865
2019.11.23,15:41,23.865,23.865,23.865,23.865
2019.11.23,15:42,23.87,23.87,23.86,23.86
2019.11.23,15:43,23.86,23.86,23.855,23.855
2019.11.23,15:44,23.86,23.86,23.85,23.85
2019.11.23,15:45,23.86,23.86,23.85,23.85
2019.11.23,15:46,23.855,23.855,23.85,23.85
2019.11.23,15:47,23.855,23.86,23.85,23.85
2019.11.23,15:48,23.835,23.84,23.81,23.81
2019.11.23,15:49,23.81,23.82,23.81,23.81
2019.11.23,15:50,23.81,23.81,23.77,23.7795
2019.11.23,15:51,23.775,23.84,23.775,23.84
2019.11.23,15:52,23.84,23.84,23.835,23.835
2019.11.23,15:53,23.835,23.86,23.835,23.85
2019.11.23,15:54,23.852,23.852,23.85,23.85
2019.11.23,15:55,23.855,23.86,23.85,23.855
2019.11.23,15:56,23.855,23.875,23.855,23.865
2019.11.23,15:57,23.87,23.87,23.86,23.86
2019.11.23,15:58,23.85,23.85,23.83,23.83
2019.11.23,15:59,23.835,23.86,23.82,23.82
2019.11.24,09:30,23.79,23.88,23.79,23.86
2019.11.24,09:31,23.84,23.86,23.79,23.79
2019.11.24,09:32,23.82,23.83,23.82,23.83
2019.11.24,09:33,23.82,23.82,23.8,23.8
2019.11.24,09:34,23.8,23.82,23.79,23.815
2019.11.24,09:35,23.82,23.82,23.82,23.82
2019.11.24,09:36,23.82,23.845,23.82,23.84
2019.11.24,09:37,23.84,23.84,23.82,23.84
2019.11.24,09:38,23.84,23.84,23.84,23.84
2019.11.24,09:39,23.83,23.85,23.83,23.84
2019.11.24,09:40,23.84,23.84,23.82,23.83
2019.11.24,09:41,23.84,23.84,23.82,23.82
2019.11.24,09:42,23.83,23.83,23.82,23.83
2019.11.24,09:43,23.82,23.84,23.81,23.83
2019.11.24,09:44,23.83,23.84,23.83,23.84
2019.11.24,09:45,23.84,23.85,23.84,23.84
2019.11.24,09:46,23.845,23.85,23.845,23.85
2019.11.24,09:47,23.85,23.855,23.845,23.85
2019.11.24,09:48,23.845,23.865,23.845,23.85
2019.11.24,09:49,23.85,23.85,23.85,23.85
2019.11.24,09:50,23.85,23.87,23.85,23.86
2019.11.24,09:51,23.86,23.87,23.85,23.86
2019.11.24,09:52,23.87,23.88,23.87,23.88
2019.11.24,09:53,23.89,23.89,23.88,23.88
2019.11.24,09:54,23.89,23.9,23.89,23.895
2019.11.24,09:55,23.9,23.9,23.9,23.9
2019.11.24,09:56,23.91,23.91,23.905,23.905
2019.11.24,09:57,23.92,23.92,23.905,23.91
2019.11.24,09:58,23.91,23.91,23.905,23.91
2019.11.24,09:59,23.91,23.91,23.905,23.91
2019.11.24,10:00,23.915,23.915,23.91,23.91
2019.11.24,10:01,23.915,23.915,23.91,23.91
2019.11.24,10:02,23.91,23.91,23.875,23.88
2019.11.24,10:03,23.88,23.88,23.87,23.88
2019.11.24,10:04,23.88,23.88,23.86,23.87
2019.11.24,10:05,23.87,23.87,23.855,23.855
2019.11.24,10:06,23.87,23.89,23.87,23.88
2019.11.24,10:07,23.875,23.88,23.875,23.88
2019.11.24,10:08,23.87,23.87,23.87,23.87
2019.11.24,10:09,23.88,23.88,23.875,23.875
2019.11.24,10:10,23.875,23.89,23.875,23.886
2019.11.24,10:11,23.88,23.92,23.875,23.91
2019.11.24,10:13,23.915,23.915,23.915,23.915
2019.11.24,10:14,23.91,23.9137,23.855,23.87
2019.11.24,10:15,23.865,23.87,23.83,23.865
2019.11.24,10:16,23.865,23.865,23.865,23.865
2019.11.24,10:17,23.87,23.88,23.87,23.88
2019.11.24,10:18,23.9,23.9,23.9,23.9
2019.11.24,10:19,23.895,23.91,23.895,23.905
2019.11.24,10:20,23.9144,23.92,23.91,23.91
2019.11.24,10:21,23.91,23.91,23.91,23.91
2019.11.24,10:22,23.91,23.91,23.905,23.905
2019.11.24,10:23,23.91,23.91,23.905,23.91
2019.11.24,10:24,23.91,23.915,23.88,23.88
2019.11.24,10:25,23.89,23.89,23.842,23.875
2019.11.24,10:26,23.88,23.88,23.875,23.875
2019.11.24,10:28,23.87,23.87,23.86,23.87
2019.11.24,10:29,23.87,23.87,23.87,23.87
2019.11.24,10:30,23.86,23.86,23.85,23.85
2019.11.24,10:31,23.8403,23.85,23.82,23.84
2019.11.24,10:32,23.845,23.86,23.845,23.86
2019.11.24,10:33,23.86,23.87,23.86,23.86
2019.11.24,10:34,23.85,23.86,23.85,23.86
2019.11.24,10:35,23.86,23.87,23.86,23.87
2019.11.24,10:36,23.88,23.89,23.875,23.885
2019.11.24,10:37,23.89,23.895,23.885,23.895
2019.11.24,10:38,23.89,23.89,23.875,23.8803
2019.11.24,10:39,23.8875,23.8875,23.885,23.885
2019.11.24,10:40,23.885,23.885,23.885,23.885
2019.11.24,10:41,23.89,23.9,23.885,23.9
2019.11.24,10:42,23.905,23.91,23.905,23.905
2019.11.24,10:43,23.92,23.92,23.915,23.915
2019.11.24,10:44,23.92,23.935,23.915,23.93
2019.11.24,10:45,23.925,23.93,23.91,23.91
2019.11.24,10:47,23.9,23.91,23.86,23.89
2019.11.24,10:48,23.89,23.89,23.89,23.89
2019.11.24,10:49,23.9,23.9,23.895,23.895
2019.11.24,10:50,23.895,23.895,23.895,23.895
2019.11.24,10:51,23.9,23.9,23.895,23.895
2019.11.24,10:52,23.895,23.895,23.895,23.895
2019.11.24,10:53,23.9,23.9,23.89,23.89
2019.11.24,10:54,23.89,23.895,23.89,23.895
2019.11.24,10:55,23.895,23.91,23.895,23.91
2019.11.24,10:56,23.9,23.915,23.83,23.835
2019.11.24,10:57,23.83,23.86,23.825,23.86
2019.11.24,10:58,23.85,23.86,23.85,23.855
2019.11.24,10:59,23.85,23.865,23.85,23.865
2019.11.24,11:00,23.87,23.895,23.87,23.89
2019.11.24,11:01,23.88,23.88,23.85,23.85
2019.11.24,11:02,23.855,23.87,23.835,23.86
2019.11.24,11:03,23.86,23.88,23.85,23.88
2019.11.24,11:04,23.88,23.882,23.855,23.86
2019.11.24,11:05,23.86,23.88,23.86,23.88
2019.11.24,11:06,23.875,23.89,23.87,23.88
2019.11.24,11:07,23.875,23.875,23.82,23.83
2019.11.24,11:08,23.83,23.85,23.83,23.85
2019.11.24,11:09,23.8556,23.8556,23.85,23.85
2019.11.24,11:10,23.855,23.87,23.85,23.86
2019.11.24,11:11,23.87,23.87,23.86,23.87
2019.11.24,11:12,23.86,23.87,23.83,23.85
2019.11.24,11:13,23.85,23.85,23.845,23.85
2019.11.24,11:14,23.84,23.85,23.84,23.85
2019.11.24,11:15,23.855,23.86,23.85,23.86
2019.11.24,11:16,23.855,23.87,23.855,23.87
2019.11.24,11:17,23.86,23.875,23.85,23.87
2019.11.24,11:18,23.86,23.87,23.855,23.87
2019.11.24,11:20,23.86,23.87,23.86,23.87
2019.11.24,11:21,23.875,23.89,23.875,23.885
2019.11.24,11:22,23.88,23.89,23.88,23.88
2019.11.24,11:23,23.88,23.89,23.84,23.84
2019.11.24,11:24,23.83,23.84,23.83,23.83
2019.11.24,11:25,23.82,23.82,23.79,23.8
2019.11.24,11:26,23.8,23.825,23.8,23.81
2019.11.24,11:27,23.8,23.83,23.8,23.83
2019.11.24,11:28,23.83,23.83,23.825,23.825
2019.11.24,11:29,23.83,23.88,23.83,23.88
2019.11.24,11:30,23.87,23.87,23.87,23.87
2019.11.24,11:32,23.85,23.8548,23.835,23.835
2019.11.24,11:33,23.83,23.84,23.83,23.84
2019.11.24,11:34,23.84,23.84,23.84,23.84
2019.11.24,11:35,23.84,23.84,23.825,23.83
2019.11.24,11:36,23.84,23.845,23.83,23.84
2019.11.24,11:37,23.8353,23.8353,23.835,23.835
2019.11.24,11:38,23.83,23.835,23.83,23.83
2019.11.24,11:39,23.835,23.835,23.835,23.835
2019.11.24,11:40,23.84,23.84,23.835,23.84
2019.11.24,11:41,23.84,23.845,23.84,23.845
2019.11.24,11:42,23.845,23.845,23.845,23.845
2019.11.24,11:43,23.845,23.85,23.84,23.85
2019.11.24,11:44,23.845,23.85,23.845,23.845
2019.11.24,11:46,23.84,23.84,23.84,23.84
2019.11.24,11:48,23.845,23.845,23.83,23.83
2019.11.24,11:49,23.83,23.83,23.83,23.83
2019.11.24,11:50,23.82,23.825,23.82,23.82
2019.11.24,11:51,23.8,23.8,23.8,23.8
2019.11.24,11:53,23.8,23.8,23.795,23.795
2019.11.24,11:55,23.8,23.8,23.8,23.8
2019.11.24,11:56,23.795,23.795,23.79,23.79
2019.11.24,11:57,23.79,23.8,23.79,23.79
2019.11.24,11:59,23.78,23.78,23.78,23.78
2019.11.24,12:00,23.759,23.759,23.759,23.759
2019.11.24,12:03,23.74,23.74,23.73,23.73
2019.11.24,12:04,23.74,23.74,23.74,23.74
2019.11.24,12:05,23.77,23.77,23.765,23.765
2019.11.24,12:06,23.77,23.78,23.77,23.78
2019.11.24,12:08,23.78,23.785,23.78,23.78
2019.11.24,12:10,23.775,23.79,23.775,23.78
2019.11.24,12:11,23.78,23.78,23.78,23.78
2019.11.24,12:12,23.755,23.76,23.7534,23.7534
2019.11.24,12:14,23.76,23.765,23.76,23.765
2019.11.24,12:15,23.77,23.78,23.77,23.78
2019.11.24,12:17,23.775,23.78,23.775,23.78
2019.11.24,12:18,23.78,23.8,23.78,23.792
2019.11.24,12:20,23.8,23.81,23.8,23.81
2019.11.24,12:21,23.8,23.8,23.8,23.8
2019.11.24,12:22,23.81,23.81,23.81,23.81
2019.11.24,12:23,23.81,23.81,23.805,23.805
2019.11.24,12:24,23.805,23.805,23.805,23.805
2019.11.24,12:27,23.795,23.795,23.79,23.79
2019.11.24,12:28,23.8,23.8,23.8,23.8
2019.11.24,12:29,23.795,23.795,23.795,23.795
2019.11.24,12:30,23.8,23.8,23.8,23.8
2019.11.24,12:31,23.79,23.79,23.79,23.79
2019.11.24,12:33,23.8,23.8,23.77,23.77
2019.11.24,12:34,23.78,23.78,23.78,23.78
2019.11.24,12:36,23.79,23.79,23.79,23.79
2019.11.24,12:38,23.79,23.8,23.79,23.8
2019.11.24,12:39,23.8,23.8,23.79,23.79
2019.11.24,12:42,23.78,23.78,23.78,23.78
2019.11.24,12:44,23.79,23.79,23.79,23.79
2019.11.24,12:45,23.785,23.79,23.785,23.79
2019.11.24,12:48,23.79,23.8,23.79,23.8
2019.11.24,12:49,23.8,23.8,23.795,23.795
2019.11.24,12:51,23.79,23.79,23.79,23.79
2019.11.24,12:53,23.795,23.795,23.795,23.795
2019.11.24,12:57,23.79,23.79,23.79,23.79
2019.11.24,12:58,23.79,23.8,23.79,23.795
2019.11.24,12:59,23.8,23.8,23.8,23.8
2019.11.24,13:00,23.8,23.8,23.78,23.78
2019.11.24,13:01,23.78,23.78,23.78,23.78
2019.11.24,13:02,23.78,23.78,23.78,23.78
2019.11.24,13:03,23.77,23.77,23.77,23.77
2019.11.24,13:04,23.77,23.7766,23.77,23.77
2019.11.24,13:05,23.77,23.77,23.76,23.76
2019.11.24,13:06,23.77,23.77,23.77,23.77
2019.11.24,13:08,23.765,23.765,23.765,23.765
2019.11.24,13:09,23.77,23.77,23.77,23.77
2019.11.24,13:10,23.77,23.77,23.76,23.77
2019.11.24,13:12,23.78,23.78,23.78,23.78
2019.11.24,13:13,23.79,23.79,23.79,23.79
2019.11.24,13:14,23.785,23.785,23.785,23.785
2019.11.24,13:16,23.79,23.8,23.79,23.8
2019.11.24,13:17,23.795,23.795,23.795,23.795
2019.11.24,13:18,23.8,23.8,23.8,23.8
2019.11.24,13:20,23.795,23.795,23.795,23.795
2019.11.24,13:22,23.79,23.79,23.79,23.79
2019.11.24,13:23,23.79,23.79,23.79,23.79
2019.11.24,13:24,23.8,23.8,23.8,23.8
2019.11.24,13:26,23.795,23.795,23.79,23.795
2019.11.24,13:27,23.79,23.79,23.77,23.77
2019.11.24,13:29,23.77,23.8,23.77,23.8
2019.11.24,13:30,23.8,23.8,23.795,23.8
2019.11.24,13:32,23.79,23.79,23.79,23.79
2019.11.24,13:33,23.8,23.8,23.79,23.79
2019.11.24,13:37,23.785,23.79,23.785,23.79
2019.11.24,13:39,23.8,23.8,23.7933,23.7933
2019.11.24,13:41,23.79,23.795,23.79,23.79
2019.11.24,13:42,23.795,23.795,23.795,23.795
2019.11.24,13:45,23.8,23.8,23.795,23.795
2019.11.24,13:46,23.8,23.8,23.8,23.8
2019.11.24,13:48,23.795,23.795,23.795,23.795
2019.11.24,13:49,23.79,23.795,23.79,23.795
2019.11.24,13:50,23.8,23.8,23.795,23.795
2019.11.24,13:51,23.8,23.8,23.8,23.8
2019.11.24,13:52,23.79,23.795,23.79,23.795
2019.11.24,13:53,23.795,23.795,23.79,23.79
2019.11.24,13:54,23.795,23.795,23.795,23.795
2019.11.24,13:55,23.79,23.79,23.79,23.79
2019.11.24,13:56,23.8,23.8,23.79,23.79
2019.11.24,13:57,23.79,23.79,23.79,23.79
2019.11.24,13:58,23.79,23.795,23.79,23.795
2019.11.24,14:02,23.795,23.795,23.79,23.795
2019.11.24,14:04,23.8,23.8,23.8,23.8
2019.11.24,14:05,23.795,23.795,23.79,23.79
2019.11.24,14:07,23.79,23.79,23.79,23.79
2019.11.24,14:09,23.795,23.795,23.795,23.795
2019.11.24,14:10,23.8,23.8,23.795,23.795
2019.11.24,14:11,23.8,23.81,23.795,23.81
2019.11.24,14:12,23.805,23.815,23.805,23.815
2019.11.24,14:13,23.813,23.82,23.813,23.815
2019.11.24,14:14,23.82,23.82,23.8137,23.815
2019.11.24,14:15,23.82,23.82,23.815,23.815
2019.11.24,14:16,23.815,23.82,23.815,23.815
2019.11.24,14:19,23.815,23.815,23.81,23.815
2019.11.24,14:20,23.81,23.815,23.81,23.815
2019.11.24,14:21,23.82,23.82,23.815,23.815
2019.11.24,14:22,23.815,23.825,23.815,23.825
2019.11.24,14:23,23.83,23.84,23.83,23.84
2019.11.24,14:24,23.84,23.84,23.84,23.84
2019.11.24,14:25,23.85,23.85,23.85,23.85
2019.11.24,14:27,23.855,23.855,23.845,23.85
2019.11.24,14:28,23.845,23.845,23.845,23.845
2019.11.24,14:29,23.85,23.85,23.85,23.85
2019.11.24,14:30,23.84,23.84,23.84,23.84
2019.11.24,14:31,23.845,23.845,23.845,23.845
2019.11.24,14:32,23.85,23.85,23.84,23.84
2019.11.24,14:33,23.84,23.845,23.84,23.84
2019.11.24,14:34,23.85,23.85,23.85,23.85
2019.11.24,14:35,23.84,23.84,23.84,23.84
2019.11.24,14:36,23.85,23.85,23.845,23.845
2019.11.24,14:37,23.85,23.855,23.845,23.855
2019.11.24,14:38,23.85,23.85,23.85,23.85
2019.11.24,14:39,23.85,23.85,23.85,23.85
2019.11.24,14:41,23.85,23.85,23.85,23.85
2019.11.24,14:42,23.86,23.86,23.845,23.845
2019.11.24,14:43,23.84,23.84,23.84,23.84
2019.11.24,14:44,23.84,23.85,23.84,23.84
2019.11.24,14:45,23.85,23.85,23.85,23.85
2019.11.24,14:46,23.85,23.85,23.84,23.85
2019.11.24,14:47,23.85,23.85,23.85,23.85
2019.11.24,14:48,23.845,23.85,23.84,23.84
2019.11.24,14:49,23.845,23.845,23.845,23.845
2019.11.24,14:50,23.85,23.855,23.845,23.855
2019.11.24,14:51,23.855,23.855,23.855,23.855
2019.11.24,14:52,23.85,23.85,23.85,23.85
2019.11.24,14:53,23.855,23.855,23.845,23.845
2019.11.24,14:54,23.845,23.85,23.845,23.85
2019.11.24,14:55,23.85,23.85,23.84,23.84
2019.11.24,14:56,23.845,23.845,23.845,23.845
2019.11.24,14:57,23.84,23.84,23.84,23.84
2019.11.24,14:58,23.84,23.84,23.84,23.84
2019.11.24,14:59,23.85,23.87,23.84,23.87
2019.11.24,15:00,23.87,23.87,23.865,23.865
2019.11.24,15:01,23.865,23.865,23.865,23.865
2019.11.24,15:02,23.865,23.87,23.86,23.87
2019.11.24,15:03,23.865,23.865,23.865,23.865
2019.11.24,15:04,23.865,23.8658,23.86,23.86
2019.11.24,15:05,23.865,23.87,23.86,23.87
2019.11.24,15:06,23.865,23.87,23.865,23.865
2019.11.24,15:07,23.86,23.87,23.86,23.865
2019.11.24,15:08,23.865,23.865,23.86,23.865
2019.11.24,15:09,23.865,23.865,23.85,23.85
2019.11.24,15:10,23.85,23.85,23.845,23.85
2019.11.24,15:11,23.84,23.84,23.84,23.84
2019.11.24,15:13,23.85,23.85,23.84,23.845
2019.11.24,15:14,23.84,23.84,23.84,23.84
2019.11.24,15:15,23.84,23.85,23.84,23.85
2019.11.24,15:16,23.84,23.85,23.84,23.85
2019.11.24,15:17,23.84,23.84,23.84,23.84
2019.11.24,15:18,23.845,23.85,23.845,23.85
2019.11.24,15:19,23.85,23.85,23.845,23.845
2019.11.24,15:20,23.85,23.85,23.845,23.85
2019.11.24,15:21,23.85,23.85,23.845,23.845
2019.11.24,15:22,23.85,23.85,23.845,23.85
2019.11.24,15:23,23.85,23.88,23.85,23.875
2019.11.24,15:24,23.885,23.885,23.87,23.875
2019.11.24,15:25,23.87,23.87,23.87,23.87
2019.11.24,15:26,23.87,23.875,23.87,23.87
2019.11.24,15:27,23.88,23.88,23.87,23.875
2019.11.24,15:28,23.88,23.88,23.87,23.87
2019.11.24,15:29,23.88,23.88,23.87,23.87
2019.11.24,15:30,23.87,23.88,23.86,23.865
2019.11.24,15:31,23.86,23.865,23.855,23.855
2019.11.24,15:32,23.85,23.855,23.85,23.8537
2019.11.24,15:33,23.855,23.86,23.85,23.855
2019.11.24,15:34,23.85,23.85,23.845,23.845
2019.11.24,15:35,23.845,23.85,23.84,23.84
2019.11.24,15:36,23.84,23.85,23.84,23.85
2019.11.24,15:37,23.845,23.845,23.845,23.845
2019.11.24,15:38,23.845,23.845,23.84,23.84
2019.11.24,15:39,23.84,23.9,23.835,23.9
2019.11.24,15:40,23.89,23.93,23.885,23.925
2019.11.24,15:41,23.92,23.93,23.915,23.92
2019.11.24,15:42,23.92,23.92,23.91,23.91
2019.11.24,15:43,23.9088,23.9088,23.885,23.895
2019.11.24,15:44,23.89,23.895,23.89,23.895
2019.11.24,15:45,23.89,23.905,23.89,23.905
2019.11.24,15:46,23.91,23.91,23.905,23.905
2019.11.24,15:47,23.91,23.91,23.9,23.9
2019.11.24,15:48,23.905,23.905,23.895,23.9
2019.11.24,15:49,23.8961,23.9,23.89,23.895
2019.11.24,15:50,23.895,23.9,23.89,23.89
2019.11.24,15:51,23.89,23.895,23.885,23.89
2019.11.24,15:52,23.89,23.9,23.885,23.89
2019.11.24,15:53,23.89,23.895,23.88,23.89
2019.11.24,15:54,23.885,23.885,23.87,23.87
2019.11.24,15:55,23.88,23.88,23.87,23.87
2019.11.24,15:56,23.87,23.875,23.87,23.875
2019.11.24,15:57,23.87,23.872,23.86,23.865
2019.11.24,15:58,23.86,23.8959,23.86,23.885
2019.11.24,15:59,23.89,23.9,23.87,23.87
2019.11.25,09:30,23.82,23.95,23.8,23.95
2019.11.25,09:31,23.97,23.97,23.91,23.96
2019.11.25,09:32,23.95,23.97,23.945,23.96
2019.11.25,09:33,23.96,23.96,23.92,23.95
2019.11.25,09:34,23.95,23.97,23.935,23.96
2019.11.25,09:35,23.965,23.98,23.94,23.96
2019.11.25,09:36,23.97,23.97,23.95,23.965
2019.11.25,09:37,23.96,23.97,23.96,23.97
2019.11.25,09:38,23.96,23.96,23.945,23.96
2019.11.25,09:39,23.95,23.9599,23.95,23.9599
2019.11.25,09:40,23.96,23.99,23.95,23.98
2019.11.25,09:41,23.98,23.98,23.95,23.97
2019.11.25,09:42,23.96,23.97,23.9545,23.9545
2019.11.25,09:43,23.95,23.95,23.92,23.92
2019.11.25,09:44,23.93,23.93,23.92,23.92
2019.11.25,09:45,23.93,23.93,23.92,23.92
2019.11.25,09:46,23.9,23.92,23.9,23.92
2019.11.25,09:47,23.91,23.91,23.91,23.91
2019.11.25,09:48,23.91,23.91,23.89,23.91
2019.11.25,09:49,23.91,23.91,23.91,23.91
2019.11.25,09:50,23.91,23.92,23.9,23.91
2019.11.25,09:51,23.91,23.92,23.91,23.92
2019.11.25,09:52,23.92,23.92,23.9,23.91
2019.11.25,09:53,23.91,23.92,23.905,23.92
2019.11.25,09:54,23.91,23.91,23.895,23.9
2019.11.25,09:55,23.91,23.92,23.91,23.91
2019.11.25,09:56,23.92,23.93,23.92,23.93
2019.11.25,09:57,23.92,23.92,23.92,23.92
2019.11.25,09:58,23.92,23.92,23.91,23.91
2019.11.25,09:59,23.91,23.92,23.91,23.92
2019.11.25,10:00,23.915,23.92,23.915,23.92
2019.11.25,10:01,23.92,23.92,23.91,23.91
2019.11.25,10:02,23.92,23.92,23.92,23.92
2019.11.25,10:03,23.92,23.92,23.915,23.92
2019.11.25,10:04,23.91,23.91,23.9,23.9
2019.11.25,10:05,23.91,23.92,23.905,23.91
2019.11.25,10:06,23.91,23.92,23.9,23.91
2019.11.25,10:07,23.91,23.92,23.905,23.91
2019.11.25,10:08,23.91,23.92,23.905,23.92
2019.11.25,10:09,23.91,23.92,23.89,23.915
2019.11.25,10:10,23.905,23.92,23.905,23.92
2019.11.25,10:11,23.91,23.91,23.91,23.91
2019.11.25,10:12,23.92,23.92,23.905,23.91
2019.11.25,10:13,23.91,23.91,23.91,23.91
2019.11.25,10:14,23.91,23.95,23.91,23.94
2019.11.25,10:15,23.95,23.97,23.95,23.97
2019.11.25,10:16,23.98,24.005,23.98,24.005
2019.11.25,10:17,23.9962,23.9962,23.9962,23.9962
2019.11.25,10:18,23.99,23.99,23.99,23.99
2019.11.25,10:19,23.99,24,23.99,23.99
2019.11.25,10:21,23.99,24,23.985,23.99
2019.11.25,10:22,23.98,23.99,23.98,23.98
2019.11.25,10:23,23.98,23.98,23.98,23.98
2019.11.25,10:24,23.98,23.98,23.95,23.96
2019.11.25,10:25,23.95,23.95,23.945,23.945
2019.11.25,10:26,23.945,23.95,23.94,23.94
2019.11.25,10:27,23.94,23.95,23.93,23.95
2019.11.25,10:28,23.94,23.95,23.94,23.94
2019.11.25,10:29,23.94,23.95,23.94,23.94
2019.11.25,10:30,23.94,23.94,23.94,23.94
2019.11.25,10:31,23.94,23.95,23.94,23.94
2019.11.25,10:32,23.94,23.95,23.94,23.94
2019.11.25,10:33,23.95,23.95,23.94,23.94
2019.11.25,10:34,23.94,23.95,23.94,23.94
2019.11.25,10:35,23.94,23.95,23.94,23.94
2019.11.25,10:36,23.95,23.95,23.94,23.94
2019.11.25,10:37,23.94,23.94,23.93,23.93
2019.11.25,10:38,23.93,23.93,23.92,23.92
2019.11.25,10:39,23.93,23.93,23.93,23.93
2019.11.25,10:40,23.92,23.92,23.88,23.88
2019.11.25,10:41,23.875,23.9,23.875,23.9
2019.11.25,10:42,23.895,23.9,23.895,23.9
2019.11.25,10:43,23.89,23.89,23.89,23.89
2019.11.25,10:44,23.9,23.9,23.89,23.89
2019.11.25,10:45,23.9,23.91,23.9,23.91
2019.11.25,10:46,23.91,23.91,23.89,23.89
2019.11.25,10:47,23.89,23.9,23.89,23.9
2019.11.25,10:48,23.9,23.91,23.9,23.91
2019.11.25,10:49,23.905,23.91,23.9,23.91
2019.11.25,10:50,23.92,23.92,23.92,23.92
2019.11.25,10:51,23.91,23.91,23.91,23.91
2019.11.25,10:52,23.915,23.915,23.91,23.91
2019.11.25,10:53,23.92,23.92,23.91,23.91
2019.11.25,10:54,23.91,23.93,23.91,23.93
2019.11.25,10:55,23.93,23.93,23.93,23.93
2019.11.25,10:56,23.9365,23.94,23.93,23.94
2019.11.25,10:57,23.94,23.94,23.925,23.94
2019.11.25,10:58,23.94,23.94,23.94,23.94
2019.11.25,10:59,23.95,23.96,23.94,23.94
2019.11.25,11:00,23.95,23.95,23.95,23.95
2019.11.25,11:01,23.95,23.95,23.95,23.95
2019.11.25,11:02,23.95,23.95,23.94,23.94
2019.11.25,11:03,23.94,23.94,23.935,23.94
2019.11.25,11:04,23.94,23.95,23.94,23.95
2019.11.25,11:05,23.95,23.95,23.95,23.95
2019.11.25,11:06,23.94,23.94,23.94,23.94
2019.11.25,11:07,23.94,23.95,23.94,23.94
2019.11.25,11:08,23.95,23.95,23.94,23.94
2019.11.25,11:09,23.94,23.945,23.93,23.94
2019.11.25,11:10,23.935,23.94,23.935,23.94
2019.11.25,11:11,23.94,23.96,23.94,23.96
2019.11.25,11:12,23.96,23.97,23.96,23.96
2019.11.25,11:13,23.97,23.98,23.97,23.98
2019.11.25,11:14,23.98,23.98,23.965,23.97
2019.11.25,11:15,23.96,23.96,23.95,23.96
2019.11.25,11:16,23.95,23.96,23.95,23.96
2019.11.25,11:17,23.95,23.96,23.95,23.95
2019.11.25,11:18,23.94,23.94,23.92,23.92
2019.11.25,11:19,23.91,23.91,23.91,23.91
2019.11.25,11:20,23.905,23.91,23.905,23.905
2019.11.25,11:21,23.91,23.91,23.9,23.91
2019.11.25,11:22,23.91,23.915,23.89,23.9
2019.11.25,11:23,23.89,23.9,23.89,23.9
2019.11.25,11:24,23.9,23.9,23.89,23.89
2019.11.25,11:25,23.89,23.9,23.875,23.9
2019.11.25,11:26,23.9,23.94,23.89,23.94
2019.11.25,11:27,23.935,23.935,23.93,23.93
2019.11.25,11:28,23.93,23.93,23.92,23.925
2019.11.25,11:29,23.925,23.93,23.925,23.93
2019.11.25,11:30,23.92,23.925,23.92,23.925
2019.11.25,11:31,23.92,23.93,23.92,23.92
2019.11.25,11:32,23.92,23.92,23.92,23.92
2019.11.25,11:33,23.92,23.92,23.92,23.92
2019.11.25,11:34,23.93,23.93,23.92,23.92
2019.11.25,11:35,23.93,23.93,23.92,23.92
2019.11.25,11:36,23.92,23.92,23.92,23.92
2019.11.25,11:37,23.92,23.92,23.92,23.92
2019.11.25,11:38,23.92,23.92,23.92,23.92
2019.11.25,11:39,23.92,23.93,23.92,23.93
2019.11.25,11:40,23.93,23.94,23.92,23.935
2019.11.25,11:41,23.94,23.94,23.94,23.94
2019.11.25,11:42,23.94,23.94,23.94,23.94
2019.11.25,11:43,23.94,23.94,23.94,23.94
2019.11.25,11:44,23.94,23.94,23.94,23.94
2019.11.25,11:45,23.94,23.94,23.94,23.94
2019.11.25,11:46,23.94,23.94,23.935,23.935
2019.11.25,11:49,23.935,23.94,23.935,23.94
2019.11.25,11:50,23.94,23.96,23.93,23.95
2019.11.25,11:51,23.95,23.95,23.95,23.95
2019.11.25,11:52,23.96,23.97,23.96,23.97
2019.11.25,11:53,23.97,24,23.97,24
2019.11.25,11:54,24,24.0025,23.98,23.98
2019.11.25,11:55,23.975,23.975,23.97,23.97
2019.11.25,11:56,23.98,23.98,23.975,23.98
2019.11.25,11:57,23.98,23.98,23.98,23.98
2019.11.25,11:58,23.9841,23.9841,23.9841,23.9841
2019.11.25,12:00,23.98,24,23.98,23.99
2019.11.25,12:01,23.994,23.994,23.994,23.994
2019.11.25,12:04,24,24,24,24
2019.11.25,12:05,23.995,23.995,23.995,23.995
2019.11.25,12:08,23.99,23.99,23.98,23.99
2019.11.25,12:09,24,24,24,24
2019.11.25,12:10,24,24,24,24
2019.11.25,12:13,24,24,24,24
2019.11.25,12:14,23.9997,24,23.995,24
2019.11.25,12:16,23.99,23.99,23.98,23.98
2019.11.25,12:17,23.975,23.98,23.975,23.98
2019.11.25,12:19,23.975,23.975,23.975,23.975
2019.11.25,12:20,23.975,23.98,23.975,23.98
2019.11.25,12:21,23.975,23.975,23.975,23.975
2019.11.25,12:22,23.98,23.98,23.98,23.98
2019.11.25,12:23,23.98,23.98,23.98,23.98
2019.11.25,12:24,23.98,23.98,23.97,23.97
2019.11.25,12:28,23.98,23.98,23.975,23.975
2019.11.25,12:29,23.9758,23.9758,23.9758,23.9758
2019.11.25,12:30,23.97,23.97,23.97,23.97
2019.11.25,12:31,23.97,23.97,23.97,23.97
2019.11.25,12:32,23.97,23.97,23.97,23.97
2019.11.25,12:35,23.96,23.97,23.96,23.97
2019.11.25,12:36,23.97,23.97,23.96,23.97
2019.11.25,12:39,23.97,23.97,23.965,23.965
2019.11.25,12:41,23.97,23.97,23.96,23.96
2019.11.25,12:42,23.97,23.97,23.965,23.965
2019.11.25,12:43,23.965,23.965,23.95,23.95
2019.11.25,12:44,23.95,23.96,23.945,23.95
2019.11.25,12:45,23.95,23.95,23.95,23.95
2019.11.25,12:47,23.955,23.955,23.955,23.955
2019.11.25,12:48,23.955,23.955,23.955,23.955
2019.11.25,12:49,23.95,23.95,23.95,23.95
2019.11.25,12:50,23.955,23.955,23.955,23.955
2019.11.25,12:51,23.955,23.955,23.955,23.955
2019.11.25,12:52,23.95,23.96,23.95,23.96
2019.11.25,12:53,23.96,23.96,23.95,23.95
2019.11.25,12:54,23.96,23.96,23.96,23.96
2019.11.25,12:55,23.96,23.96,23.96,23.96
2019.11.25,12:56,23.96,23.96,23.96,23.96
2019.11.25,12:57,23.96,23.96,23.96,23.96
2019.11.25,12:59,23.965,23.965,23.965,23.965
2019.11.25,13:00,23.97,23.97,23.97,23.97
2019.11.25,13:01,23.97,23.97,23.97,23.97
2019.11.25,13:02,23.97,23.97,23.97,23.97
2019.11.25,13:03,23.97,23.97,23.97,23.97
2019.11.25,13:04,23.97,23.97,23.97,23.97
2019.11.25,13:05,23.97,23.97,23.97,23.97
2019.11.25,13:06,23.97,23.97,23.97,23.97
2019.11.25,13:09,23.965,23.97,23.965,23.97
2019.11.25,13:10,23.97,23.97,23.97,23.97
2019.11.25,13:11,23.97,23.97,23.97,23.97
2019.11.25,13:12,23.97,23.97,23.97,23.97
2019.11.25,13:13,23.97,23.99,23.97,23.99
2019.11.25,13:14,23.99,23.99,23.98,23.98
2019.11.25,13:15,23.99,23.99,23.985,23.985
2019.11.25,13:16,23.98,23.98,23.98,23.98
2019.11.25,13:18,23.97,23.97,23.97,23.97
2019.11.25,13:23,23.98,24,23.975,24
2019.11.25,13:24,24,24,23.9966,24
2019.11.25,13:25,24,24,24,24
2019.11.25,13:27,24,24,24,24
2019.11.25,13:28,24,24,24,24
2019.11.25,13:29,24,24,24,24
2019.11.25,13:30,24,24,24,24
2019.11.25,13:31,24,24,24,24
2019.11.25,13:32,24,24,24,24
2019.11.25,13:33,24,24,24,24
2019.11.25,13:34,24,24.01,23.99,24
2019.11.25,13:35,24,24,23.996,23.996
2019.11.25,13:36,24,24,24,24
2019.11.25,13:37,24,24,23.995,24
2019.11.25,13:38,24,24,24,24
2019.11.25,13:39,24,24,24,24
2019.11.25,13:40,23.995,23.995,23.995,23.995
2019.11.25,13:42,23.995,24.0025,23.995,24
2019.11.25,13:43,24,24,24,24
2019.11.25,13:44,24,24,24,24
2019.11.25,13:45,24,24.01,24,24
2019.11.25,13:46,24,24.0025,24,24
2019.11.25,13:47,23.99,23.99,23.98,23.98
2019.11.25,13:48,23.99,23.99,23.985,23.985
2019.11.25,13:49,23.98,23.98,23.975,23.98
2019.11.25,13:50,23.98,23.98,23.98,23.98
2019.11.25,13:51,23.98,23.99,23.98,23.99
2019.11.25,13:52,24,24,24,24
2019.11.25,13:53,24,24,24,24
2019.11.25,13:54,24,24,24,24
2019.11.25,13:55,24,24.01,24,24
2019.11.25,13:56,24,24,24,24
2019.11.25,13:57,24,24,24,24
2019.11.25,13:58,24,24,24,24
2019.11.25,13:59,24,24,24,24
2019.11.25,14:00,24,24,24,24
2019.11.25,14:02,23.995,23.995,23.995,23.995
2019.11.25,14:03,24,24,23.995,23.995
2019.11.25,14:05,24,24,24,24
2019.11.25,14:06,24,24,24,24
2019.11.25,14:07,24,24,24,24
2019.11.25,14:08,24,24,24,24
2019.11.25,14:09,24,24,24,24
2019.11.25,14:10,24,24,24,24
2019.11.25,14:11,24,24,24,24
2019.11.25,14:12,24,24.01,24,24
2019.11.25,14:13,24,24.005,24,24
2019.11.25,14:14,24,24,24,24
2019.11.25,14:15,24,24.02,24,24.02
2019.11.25,14:17,24.01,24.01,23.99,24
2019.11.25,14:18,24,24,24,24
2019.11.25,14:19,24,24,23.995,23.995
2019.11.25,14:20,24,24,24,24
2019.11.25,14:21,24,24.01,24,24.005
2019.11.25,14:22,24.005,24.01,24.005,24.005
2019.11.25,14:23,24.01,24.01,24.005,24.005
2019.11.25,14:24,24.01,24.025,24.01,24.025
2019.11.25,14:25,24.03,24.03,24.025,24.025
2019.11.25,14:26,24.02,24.03,24.02,24.03
2019.11.25,14:27,24.025,24.03,24.025,24.025
2019.11.25,14:28,24.025,24.025,24.015,24.015
2019.11.25,14:29,24.01,24.02,24.01,24.015
2019.11.25,14:30,24.01,24.02,24.01,24.01
2019.11.25,14:31,24.01,24.01,24.01,24.01
2019.11.25,14:32,24.01,24.02,24.01,24.02
2019.11.25,14:33,24.02,24.05,24.02,24.04
2019.11.25,14:35,24.04,24.04,24.04,24.04
2019.11.25,14:36,24.035,24.04,24.03,24.04
2019.11.25,14:37,24.034,24.035,24.03,24.03
2019.11.25,14:38,24.04,24.04,24.035,24.04
2019.11.25,14:39,24.03,24.03,24.03,24.03
2019.11.25,14:40,24.03,24.03,24.03,24.03
2019.11.25,14:41,24.03,24.035,24.03,24.03
2019.11.25,14:42,24.03,24.04,24.03,24.03
2019.11.25,14:43,24.03,24.04,24.03,24.03
2019.11.25,14:44,24.03,24.04,24.03,24.04
2019.11.25,14:45,24.03,24.03,24.03,24.03
2019.11.25,14:47,24.04,24.04,24.035,24.04
2019.11.25,14:48,24.035,24.035,24.035,24.035
2019.11.25,14:49,24.04,24.04,24.04,24.04
2019.11.25,14:50,24.045,24.07,24.04,24.07
2019.11.25,14:51,24.08,24.08,24.075,24.08
2019.11.25,14:52,24.075,24.075,24.07,24.07
2019.11.25,14:53,24.06,24.07,24.06,24.06
2019.11.25,14:54,24.06,24.06,24.06,24.06
2019.11.25,14:55,24.05,24.05,24.045,24.05
2019.11.25,14:56,24.05,24.06,24.05,24.06
2019.11.25,14:59,24.055,24.06,24.05,24.06
2019.11.25,15:00,24.055,24.055,24.05,24.055
2019.11.25,15:01,24.055,24.055,24.05,24.055
2019.11.25,15:02,24.06,24.06,24.055,24.06
2019.11.25,15:03,24.07,24.08,24.07,24.08
2019.11.25,15:04,24.085,24.085,24.08,24.085
2019.11.25,15:05,24.085,24.085,24.075,24.08
2019.11.25,15:06,24.08,24.08,24.075,24.075
2019.11.25,15:07,24.075,24.076,24.075,24.075
2019.11.25,15:08,24.075,24.075,24.075,24.075
2019.11.25,15:09,24.075,24.075,24.075,24.075
2019.11.25,15:10,24.075,24.075,24.075,24.075
2019.11.25,15:11,24.07,24.08,24.07,24.08
2019.11.25,15:12,24.075,24.1,24.075,24.1
2019.11.25,15:13,24.095,24.095,24.095,24.095
2019.11.25,15:14,24.09,24.09,24.09,24.09
2019.11.25,15:15,24.09,24.095,24.09,24.09
2019.11.25,15:16,24.09,24.105,24.09,24.105
2019.11.25,15:17,24.11,24.11,24.1,24.105
2019.11.25,15:19,24.1,24.105,24.1,24.105
2019.11.25,15:20,24.105,24.105,24.105,24.105
2019.11.25,15:21,24.105,24.11,24.1,24.11
2019.11.25,15:22,24.11,24.11,24.11,24.11
2019.11.25,15:23,24.11,24.11,24.1,24.1
2019.11.25,15:24,24.105,24.11,24.1,24.1
2019.11.25,15:25,24.1,24.105,24.1,24.105
2019.11.25,15:26,24.1,24.11,24.1,24.1
2019.11.25,15:27,24.1,24.12,24.1,24.12
2019.11.25,15:28,24.11,24.13,24.11,24.125
2019.11.25,15:29,24.13,24.13,24.125,24.13
2019.11.25,15:30,24.13,24.14,24.125,24.13
2019.11.25,15:31,24.1303,24.14,24.1303,24.135
2019.11.25,15:32,24.13,24.14,24.13,24.13
2019.11.25,15:33,24.13,24.14,24.125,24.14
2019.11.25,15:34,24.14,24.145,24.14,24.14
2019.11.25,15:35,24.145,24.15,24.135,24.15
2019.11.25,15:36,24.15,24.15,24.15,24.15
2019.11.25,15:37,24.15,24.17,24.145,24.165
2019.11.25,15:38,24.17,24.17,24.16,24.17
2019.11.25,15:39,24.17,24.23,24.17,24.23
2019.11.25,15:40,24.23,24.24,24.205,24.24
2019.11.25,15:41,24.245,24.25,24.24,24.25
2019.11.25,15:42,24.25,24.25,24.245,24.25
2019.11.25,15:43,24.25,24.26,24.245,24.25
2019.11.25,15:44,24.26,24.26,24.245,24.245
2019.11.25,15:45,24.25,24.26,24.245,24.255
2019.11.25,15:46,24.26,24.28,24.255,24.27
2019.11.25,15:47,24.275,24.29,24.275,24.285
2019.11.25,15:48,24.285,24.31,24.285,24.305
2019.11.25,15:49,24.31,24.31,24.305,24.305
2019.11.25,15:50,24.305,24.31,24.3,24.305
2019.11.25,15:51,24.31,24.31,24.28,24.28
2019.11.25,15:52,24.28,24.28,24.245,24.245
2019.11.25,15:53,24.24,24.25,24.24,24.245
2019.11.25,15:54,24.25,24.26,24.245,24.255
2019.11.25,15:55,24.255,24.2695,24.25,24.255
2019.11.25,15:56,24.26,24.27,24.255,24.265
2019.11.25,15:57,24.27,24.27,24.25,24.25
2019.11.25,15:58,24.25,24.26,24.23,24.255
2019.11.25,15:59,24.255,24.29,24.23,24.24